"","DATE","total_revenue","impressions_Facebook","impressions_TV","clicks_Search","spend_Facebook","spend_TV","spend_Search"
"1",2017-01-01,422031.701163367,31407155.7765491,1474373.58265997,229873.055636231,93985.8525148854,29371.9497636168,59038.4331470045
"2",2017-01-02,676144.31954544,70508650.3903001,3723713.51975604,416642.506044999,211906.458173759,74499.6446392742,116332.706257763
"3",2017-01-03,591546.200345944,37952655.4954179,2519855.51855096,300880.301293556,114443.291036263,51103.4951050258,80765.1363669826
"4",2017-01-04,643879.898970423,75210107.4858337,3777400.51086309,639414.666385675,226736.264003053,75500.4276551264,158791.848744282
"5",2017-01-05,627901.1934166,77767197.2718374,4220937.72920338,523006.698290279,230999.084235975,85157.3690442514,134027.957517748
"6",2017-01-06,540918.228698267,88188657.7028072,4854450.61001657,793136.303548053,264814.396936825,97023.3462984995,217167.903510145
"7",2017-01-07,709483.638160017,40517821.6940906,1895284.98320894,365083.480300807,122041.255473106,38057.6731126922,88448.379414564
"8",2017-01-08,751462.835686647,92206295.9897766,4422553.92768868,632765.569764379,275654.00151856,89653.0416904178,162760.926453435
"9",2017-01-09,871411.726303157,41262762.4560391,2058889.41595854,320179.772669259,123424.894823866,40695.8161540044,82136.4520573866
"10",2017-01-10,669121.546347295,34305137.5837527,1970698.96601185,221156.97357866,102562.724096423,39884.1768773659,56528.8787096911
"11",2017-01-11,846660.004993824,68504196.9271543,4229658.5060537,368264.164273549,206515.085815985,85091.020953383,98635.9922857418
"12",2017-01-12,613538.205007183,77507130.1371824,6233511.39799352,568349.01271291,233868.638245473,125684.487645515,150375.714154465
"13",2017-01-13,973927.400773912,59245484.2880314,3883829.32481347,334048.10579378,177500.708661373,78260.7985104617,82500.6891413665
"14",2017-01-14,714378.464579397,47087943.578381,2008655.33183016,295259.816565883,140624.88470446,40785.4435252196,77350.7693320625
"15",2017-01-15,766624.424863732,41944110.6079353,1935783.34531622,298909.666219159,125493.550603917,38589.6024300903,79576.3320851044
"16",2017-01-16,553025.496971501,58501836.4087558,3622538.84056278,397407.597780756,175124.204118246,72901.5297027089,96719.2861612256
"17",2017-01-17,930930.480400627,45773457.9666872,3155948.1974445,395301.224287866,138534.732274658,63135.2074668558,90636.1683618545
"18",2017-01-18,742898.524933831,65971488.9846739,4139506.00382399,528587.165865437,197382.2987881,82783.7726901389,139964.848494823
"19",2017-01-19,515253.806314498,37245886.2081496,1884862.04209521,273213.109636012,111670.167222664,37550.0837850453,69588.4932353683
"20",2017-01-20,529550.943221813,68538031.3715757,4331618.79086723,391452.130319608,205052.525347832,85912.0536643115,96836.5126422355
"21",2017-01-21,606039.429056913,56992064.6829483,3354880.60431724,284127.310522396,170812.118505895,68199.1802708426,75302.8753664197
"22",2017-01-22,706168.501639036,62222877.8835154,4272365.93466214,348170.954326706,186120.820677583,86937.8799101537,88550.2846617182
"23",2017-01-23,490066.473585024,27939612.2919294,1497428.99800908,218182.525465458,84294.7383829716,30025.2626416893,57182.5605563253
"24",2017-01-24,589651.066558219,60689394.1712341,3867059.54957278,319794.247279612,181031.776825878,78322.3151583744,84472.5931115509
"25",2017-01-25,956238.884798168,49843872.3833122,2780914.79893073,390376.507484806,149515.053450462,56961.5267174697,101201.354582406
"26",2017-01-26,683655.157253834,41203585.0741071,2130267.19349986,420838.745801302,123068.038677093,42248.5722044321,103105.112568666
"27",2017-01-27,813456.530632488,64701858.5551956,3463702.63125567,607300.085879996,193906.457826246,69919.1648522974,151924.379526915
"28",2017-01-28,620562.092833131,75741656.5602275,4264740.44861362,623149.449684994,227128.512192716,85278.0929440367,160611.49419744
"29",2017-01-29,962601.203919721,62824012.0576583,3229688.94430486,561412.164708233,188866.764375776,65085.5577359157,150094.500920818
"30",2017-01-30,703982.424512094,24573761.320711,1606576.18096822,149622.140208183,73794.5781142013,32260.7837830528,39869.0280642599
"31",2017-01-31,818337.191505036,44488491.0244622,2820627.85220783,286003.800246931,133192.080110794,57366.6262368998,76317.5853696059
"32",2017-02-01,892865.282522102,73384588.314362,5487619.96542047,558812.016516505,221398.622296146,110426.445295241,145062.395040392
"33",2017-02-02,909118.03333126,55211422.3048005,3525702.71619525,479711.668691639,165151.010871221,71133.2558809322,124481.826830138
"34",2017-02-03,675782.357430056,40814682.849718,2556237.76910381,203820.999862848,122020.070149073,50775.7977598934,54833.14041353
"35",2017-02-04,975327.417862028,66225838.8224666,3666282.10264929,595891.715923996,198078.246245868,74205.26095282,149857.431309869
"36",2017-02-05,909735.464333021,34984403.1816308,2287924.35003668,263882.866826912,104893.061509271,45642.9436544379,65787.2450778511
"37",2017-02-06,697441.925227711,47172833.0326627,2718698.22380943,443364.35955189,141456.730391877,54745.9470793153,113674.709994603
"38",2017-02-07,938003.675814452,61346813.0241465,4087146.39727468,312791.856131578,184124.657859668,81799.9640006796,78672.4226849225
"39",2017-02-08,808578.0285024,84812951.2804793,5850866.99967627,551142.227070771,253820.485927347,118717.988335504,142334.608290039
"40",2017-02-09,827836.995101571,62921266.0896439,2724870.86788544,398771.500493637,189881.713544068,54864.2959879153,105292.075770844
"41",2017-02-10,762657.548872233,65143076.7724483,3502390.58872565,396712.73015378,195118.987797391,70775.3228451447,101028.625170271
"42",2017-02-11,998663.510749231,37488311.5986148,2687184.64347896,246789.203379881,112553.23565544,53974.2251241776,67231.462351797
"43",2017-02-12,829426.355072652,71332826.6843101,3837366.93607021,404599.081761269,214016.8160724,76575.2183530456,107420.3824183
"44",2017-02-13,981110.620003418,67808220.1764398,4789239.57952435,351437.123057691,204484.421793141,95883.451627372,95358.3022247354
"45",2017-02-14,931202.1007559,31698616.7951397,2110607.58389807,282048.794132383,94911.5425565654,42108.2658618646,71237.1131765852
"46",2017-02-15,1150699.20873598,75718560.9959731,4507731.51181407,411281.25311186,227577.126092085,90404.7798083438,104671.127295351
"47",2017-02-16,658940.163878081,51412599.6649541,3199061.41539937,297100.699260456,154345.327920689,63996.5707641266,82553.4996910757
"48",2017-02-17,806588.757516172,69611704.9369908,3768327.67041451,587967.035821686,208728.349586756,76246.8525952415,161297.898711197
"49",2017-02-18,983532.113149972,60831075.5143128,4429591.49296027,458546.857843294,181531.980633356,88003.4667940485,119024.286999898
"50",2017-02-19,745808.99163069,73479603.9193918,5042106.35481036,304502.887629758,220853.611108849,101317.199362946,83463.9465121653
"51",2017-02-20,825043.07874864,79633563.9616967,3623696.69405897,557920.614992333,238571.030675451,72748.7388177606,147062.595176251
"52",2017-02-21,890172.342099177,61380220.4987757,4157973.1777184,365724.913942171,184290.561057282,84293.5886622986,98384.8403801468
"53",2017-02-22,1243073.42232309,66805864.5171112,3254267.63675443,427983.080094417,199551.524293445,65322.1406069859,108902.082683089
"54",2017-02-23,875220.431866155,33298597.3078857,1804048.26511453,277408.586232219,99886.4510509427,35987.1909637263,74237.09865913
"55",2017-02-24,768653.233045628,65086809.8100763,3624139.76560161,515999.135648241,194407.28097896,73368.6492372171,126238.047341714
"56",2017-02-25,867796.023837581,41710920.9683242,3006491.217699,316144.90597179,126126.677755978,60460.8843899607,86525.1999927877
"57",2017-02-26,957869.309582647,45753277.609528,2572358.99868428,328616.515716795,137396.167294271,52155.4974847765,90416.7883423892
"58",2017-02-27,1152662.14298529,55921867.174579,2631061.82141622,478412.256444758,167252.765996317,52569.6635050244,121807.653019708
"59",2017-02-28,1057751.53111617,60018068.9373141,2834833.61265836,468216.86693184,179441.628165225,56916.1919063315,117291.655770242
"60",2017-03-01,892644.846451894,81629561.8002512,3815411.05343605,580485.160334511,245537.803438003,76950.9580420393,161928.242981528
"61",2017-03-02,1090434.01318474,41275195.0311257,2365534.59988141,227202.114103127,123532.267708045,46863.2007453043,61023.252153148
"62",2017-03-03,709840.63470526,24137504.6721205,1780990.56359754,171366.436448559,72381.0124738889,35833.5295609838,44546.0009191386
"63",2017-03-04,958611.208734375,25826536.3182579,1544400.69596271,224492.709478524,76968.2522546032,30658.9379816534,56381.4408185451
"64",2017-03-05,960215.42360995,55261555.7166704,2982913.93503359,301026.784363528,165950.858202854,60421.4496369409,83742.7342456856
"65",2017-03-06,919813.003522263,47801028.5927511,3276567.40374867,269576.159687851,143331.415015277,65793.0362096098,69690.5700190084
"66",2017-03-07,1112830.87693409,53605952.8142734,4179199.66858043,360930.560861478,160767.897195729,83237.8625789762,94935.1542687188
"67",2017-03-08,999185.808585891,69352689.2531745,3737157.94700221,413192.049872912,207271.796346377,74577.2851369143,107452.637160938
"68",2017-03-09,952797.706461909,40762855.4690735,2228905.63378611,386528.833291689,122005.181411131,44560.3961096003,99556.267931649
"69",2017-03-10,1158055.26105942,70951545.8058299,3121979.40623344,438143.434429968,213530.437460265,63157.158897761,111650.454484667
"70",2017-03-11,989489.369894805,48938109.4698085,2363359.12438366,300731.608353936,146163.669963247,46920.0722161485,80429.1231949739
"71",2017-03-12,900846.422062002,53155024.7460181,2552673.00359973,511793.297321327,159252.989056607,50703.0601833938,118920.836662173
"72",2017-03-13,1091780.51570685,67620066.5105621,4782913.90652482,528900.164918136,203373.287281835,97401.1277739011,129314.464805044
"73",2017-03-14,1086972.8774378,36409097.1895519,2392932.84613025,300782.870419739,109202.456107002,48076.6120016617,73982.6620229807
"74",2017-03-15,1094483.46328468,53045184.7180946,2550306.4826528,449309.987889476,159689.004008533,51295.2840241207,124207.347668239
"75",2017-03-16,994173.57557315,61403938.941113,3320920.00877049,425874.539136847,183703.047118865,66398.6496209903,111261.152814063
"76",2017-03-17,1133338.58906012,65532197.467666,2897908.18332098,466662.159105747,196440.273718563,58286.7264299912,127108.716216633
"77",2017-03-18,1088421.1763995,77746629.0824575,5207242.1680763,522583.173323797,233583.585990929,104086.097780065,138918.213431985
"78",2017-03-19,1096916.86657288,31943617.0832531,2119172.57537131,272155.804944068,95861.6988995159,42172.6451532621,73131.5237685669
"79",2017-03-20,1006113.34619895,68174074.1488199,3020460.44078153,429726.330210071,204688.877993362,60385.3273589907,113932.264310741
"80",2017-03-21,1242156.51960403,64505319.2569902,3595537.74766171,457140.962437893,194101.714534135,71876.9272641833,105950.569216741
"81",2017-03-22,1207226.80965835,87526164.1751268,5534122.180044,511326.027589071,261114.743521011,110240.191986536,136338.903150507
"82",2017-03-23,1082652.70654412,46288465.8203189,2010101.64010093,325711.198809546,138568.029842731,40478.9930833154,81009.2347627701
"83",2017-03-24,1037204.51093877,52606609.23249,3442267.64391355,373577.63142699,157160.906473973,69492.049301182,98987.4072524567
"84",2017-03-25,1134175.89549066,64209500.4850011,3531807.85141634,509333.152348561,192865.306891942,70575.4457371832,126894.980520175
"85",2017-03-26,998933.542680947,34853810.0403504,1753281.16663899,306151.351781364,104770.458907135,35240.8314445761,83253.6602731732
"86",2017-03-27,928101.2546204,66377237.3774479,4444840.69727794,531404.819342662,198598.390182217,90287.9957112764,134254.507093371
"87",2017-03-28,961961.419554349,48897647.3271258,3565029.91945719,404644.804899141,146587.614846022,70814.9172617311,103596.404774418
"88",2017-03-29,1015571.63463531,37743460.1020308,2527356.4172754,220725.526671102,113280.144380411,50251.4547495409,51866.7730787195
"89",2017-03-30,1213782.59336306,39693101.1699829,2230217.87182119,243468.198619843,119130.684555002,44798.7623131523,63245.0854347935
"90",2017-03-31,920166.369464485,43760997.8233294,3050996.61567166,204085.679336699,131115.188498461,61049.968088522,53358.3491590873
"91",2017-04-01,901543.418205088,28840747.8900833,1546416.92006652,188081.126599501,86945.6544334273,31178.6594889842,46073.3488247335
"92",2017-04-02,870929.741540636,31887692.2671242,2100897.77557845,138950.749598201,95279.8877470084,42321.6043013031,37243.4463499789
"93",2017-04-03,1106557.33835786,62201851.7388296,4242090.16796766,520540.213293039,187463.292795849,84998.8378369247,137349.66749327
"94",2017-04-04,1051944.17579536,26053689.6521885,1714136.93827881,181384.990303279,77741.2544633075,34165.7216585748,43889.0233095779
"95",2017-04-05,1124057.76926106,47823961.9902412,3198908.82890825,361093.948856896,143038.468525543,63838.0686010451,87342.694192567
"96",2017-04-06,1238054.65907123,59242134.5410431,3677487.0330551,538692.980220351,178827.596856517,74156.8243526516,143111.608664753
"97",2017-04-07,972808.198468536,28399289.1668696,1648748.29473961,149061.622361626,85174.8733038045,32515.5794859817,40802.6043198745
"98",2017-04-08,1123711.73504894,63157165.6045385,3597206.79567144,354719.98092965,189431.017224091,72489.23589505,92846.7910347993
"99",2017-04-09,1070942.23624857,24355841.0830219,1574224.02598914,111742.138560792,72889.9168813908,31052.3792485336,28850.5857487808
"100",2017-04-10,1091848.55835452,78173578.0381325,5341830.31644766,377931.977291733,234306.638554544,106222.044944033,99130.2174991182
"101",2017-04-11,1220878.38560261,94916189.8279415,5006241.68769843,573985.27800132,283714.944312772,99656.5685512909,150277.428504525
"102",2017-04-12,1068034.73725569,29296860.8556577,2135411.87787236,193552.242336632,88073.8884972461,43196.7707650849,50715.7949931779
"103",2017-04-13,1060742.705107,38685084.4905342,2593661.94746832,226935.47983243,115436.046052137,51672.0123456657,54468.3199804177
"104",2017-04-14,1167365.49180841,55962948.9197183,2488981.33806639,422673.358994137,167082.351301975,49716.3352438509,104018.621863928
"105",2017-04-15,1200287.67741378,67104331.8911869,4384276.42191655,338587.986612259,201233.225151163,87861.1456419226,87886.1168264657
"106",2017-04-16,1113202.06246894,70041899.6243847,3537999.96589123,572927.490874472,210821.16275967,70655.9648400168,145732.093680715
"107",2017-04-17,1055554.75734048,72841504.0925553,3978701.20428129,385126.320274117,218752.150207407,79240.3305082096,102724.645203954
"108",2017-04-18,1028252.87407181,89642895.0611458,6594625.71474626,484992.07705765,268915.764698819,131153.385394947,137551.540412978
"109",2017-04-19,1025177.17783298,49618595.1671981,2779508.56123828,414447.176366276,148732.405078251,55060.3472597576,112524.452563571
"110",2017-04-20,1040500.32557633,43144458.8812621,2064992.91082039,284060.318342867,129588.013543074,42251.8452171344,77127.7065102079
"111",2017-04-21,1090066.65975941,78777654.4994202,5242345.74198879,350472.339156581,236618.914645723,104641.272800117,91237.461723699
"112",2017-04-22,1253987.96292664,57784252.3584048,3230017.59204868,322294.520684245,173497.469278216,64370.0465343679,84771.3663239413
"113",2017-04-23,1116925.17992462,70715237.7717022,4086871.48214156,430726.651982359,210557.289043646,81889.1748899504,106854.599346024
"114",2017-04-24,1189258.92542197,59297805.3830062,3161268.47668153,388961.089832953,177967.563914654,62721.7402297968,104186.464921476
"115",2017-04-25,810420.303869913,41483172.0823762,2520145.0646235,336204.141667609,124506.788832484,51016.7087919199,89774.9658610412
"116",2017-04-26,1173607.16081038,68444519.0388957,3238501.4576809,545628.890008127,204676.123676424,64939.6215685998,139670.673789521
"117",2017-04-27,1043897.61253138,75004610.4495247,3638158.99843956,531879.453992491,224505.215375837,72566.3180880551,127946.923093753
"118",2017-04-28,936542.431665655,56054000.1266099,3562351.93324167,410963.082406247,167471.602003477,71136.1166050094,103858.471583448
"119",2017-04-29,1125071.15363655,51489692.3951148,2991313.45904395,340546.603653081,154365.457564373,60591.7042018131,82853.381860008
"120",2017-04-30,1220054.21600384,33489392.9068725,1495629.41025771,242236.760575654,101236.731200449,29807.5160419367,66708.7324907819
"121",2017-05-01,969995.011383858,31304876.5558252,2132657.40984225,232512.720711544,94010.359505878,42571.6545564728,61299.9678922143
"122",2017-05-02,1103796.84043388,56596750.7766419,3551032.39403344,361415.507043795,169135.394130861,71076.5987986556,96865.3636207386
"123",2017-05-03,988266.355451255,28791848.1832262,1672768.17064809,272194.514835674,85848.8802545387,33296.1411566377,68280.3780770505
"124",2017-05-04,966053.242462085,34780360.7716384,2260681.28888521,303334.385886554,105073.887075462,45286.371277978,81641.1601079206
"125",2017-05-05,1238270.3233993,55519593.7157303,2939093.02544859,373922.101895903,166452.882883944,59648.1509818736,97564.6019207356
"126",2017-05-06,961980.555518565,45719946.1449031,2953697.52604873,262719.44891152,136782.157519557,58566.9195634097,65970.5122873756
"127",2017-05-07,1103565.96016542,58152618.8068473,2929958.10679737,419126.02326743,174587.422499418,58495.8074511271,105815.848176801
"128",2017-05-08,1136816.01736824,62594819.644486,3267023.27278902,462760.5712925,189556.308725904,66154.7982686501,120288.042296191
"129",2017-05-09,858532.897752345,42942149.110139,2966570.04554243,218860.628762996,129315.381929882,58865.1728901861,54973.6275058175
"130",2017-05-10,1067462.5768705,49853443.2599917,2391827.85318139,398624.571507154,149486.490764881,48538.3891405358,108743.426737066
"131",2017-05-11,942038.98412366,55540943.6135196,2517254.84191656,411204.125201287,166991.814964394,50502.1086617654,107618.190289282
"132",2017-05-12,998933.664958452,37292541.5053611,2174956.43978315,263168.085765335,112578.65211816,43807.5084600714,65987.1060730289
"133",2017-05-13,1024332.05698557,54819329.416381,3458914.64576095,238529.858468645,164281.09268275,68602.1822584726,66417.4790719362
"134",2017-05-14,827582.67791106,49953905.923285,2623556.25899,268445.075158866,149909.11097,51918.2345514006,71638.7425758248
"135",2017-05-15,1104459.74788815,29185697.1713354,1520362.75783304,241245.646845941,87451.2538480545,30408.4814693336,64975.9655049917
"136",2017-05-16,1029894.58976447,48496162.552269,2489566.89458444,271206.227805901,145175.683424575,49992.2356331108,72283.7699880113
"137",2017-05-17,932624.864060599,44230806.457517,2579450.68718375,468776.075570022,132411.413687422,50919.0067226225,110604.234482888
"138",2017-05-18,969966.969056125,101411525.118328,5236974.08913195,766696.649238692,304072.671152882,105999.594371199,198225.631181202
"139",2017-05-19,1031966.30964625,61280940.0237718,2915006.94343401,539856.741812819,184527.906400349,58834.6080313783,138480.703929869
"140",2017-05-20,1112538.63783292,54425168.1733357,2610597.06596093,335551.173596829,163322.892118278,51882.4418643384,87313.1593323176
"141",2017-05-21,1117583.49251907,42611194.6297088,2112340.77881844,263127.286569689,128002.773210085,41927.1353442302,66094.9807988629
"142",2017-05-22,1165871.14301327,49800888.7320716,2881770.22225325,317807.165141861,149034.796269445,57945.5757610751,81179.1854350897
"143",2017-05-23,913440.982092164,55395053.9553125,3727930.54090187,518478.96556609,165857.249932418,75087.9853818037,126961.671155213
"144",2017-05-24,1207718.65980969,51025289.7947053,2474194.00197549,451644.966355663,152422.164597427,50043.8408203293,120802.192379454
"145",2017-05-25,1020012.0305795,43175834.891392,2424851.86489558,304418.594082693,129768.553665663,48650.0215186033,78358.3809058745
"146",2017-05-26,827173.514869585,7608090.9360536,475310.489523326,54199.6842378243,22924.0638865152,9447.77327258129,14087.4782075914
"147",2017-05-27,979047.99436195,49082765.0129586,3304255.82294691,295134.772722647,148276.361830517,66331.8603348398,76786.1477366084
"148",2017-05-28,1060392.16427411,34365083.8313127,1973014.21730384,217916.325579575,102821.623422946,40006.1901576825,57224.291749488
"149",2017-05-29,1144325.30890404,47720135.6010912,2890370.53743984,296564.899237192,142657.059284201,58634.557493714,73290.2953804974
"150",2017-05-30,962098.31890488,51280937.8830568,3126427.06798564,303245.808446681,152748.304481641,63465.2047513062,81891.3205284032
"151",2017-05-31,903168.287705208,16065810.8192281,1041580.43196648,137537.513404703,48062.0726862076,20838.1553899268,36951.3971546488
"152",2017-06-01,1063637.73591847,76674119.8226681,5221685.00335392,394442.254999234,229208.372364898,103634.133562822,93679.8456200314
"153",2017-06-02,969735.809937735,39052398.0650069,2252394.36356288,267149.873405923,117129.187074025,44781.2085289334,73413.2161490154
"154",2017-06-03,914117.327733022,34821660.0490217,2075381.9156896,161677.094790107,104089.240038048,42239.7327971111,43271.5708227443
"155",2017-06-04,1018175.18907541,50643161.6124066,3485821.40973359,307434.427430441,151983.798441372,68881.7122171225,76921.8932131487
"156",2017-06-05,770985.400156329,74636261.4531626,5060730.89071462,496948.919735006,224018.43809059,101718.717514343,129850.996251011
"157",2017-06-06,772553.812564664,83626292.3858897,4628767.91060477,493622.221680192,250594.292043185,92234.1758482735,122232.564218848
"158",2017-06-07,1069688.05124732,72851147.5542466,4671460.72960846,415467.645118963,218909.373389851,93389.8832533178,107395.114751746
"159",2017-06-08,1053302.38764202,46076318.6246725,2576848.39738367,432174.090952087,138510.333263169,52114.1206020082,105314.946888999
"160",2017-06-09,990498.940402877,46453672.841153,2583593.50485857,335005.309611413,139265.793172141,52179.9007457704,85052.013174399
"161",2017-06-10,940989.561747636,83048016.3680064,5311081.12377398,644134.000142363,250629.207018111,106135.121562641,160171.091384915
"162",2017-06-11,1009660.76845688,31940571.7587954,2135901.60860531,172984.174358746,95511.4585523997,42381.0308838424,45563.0007198051
"163",2017-06-12,1050604.44209929,100822790.764752,6547893.38021591,496642.871001387,302646.820417603,130182.529129933,130290.230509575
"164",2017-06-13,914179.753527219,65124424.4359096,4301053.22770618,355330.243436055,196216.796634821,85768.8685960413,92092.2108240432
"165",2017-06-14,953667.30490068,69643870.1832077,4683979.9029298,454730.016614341,206787.094560815,92443.7269649586,117259.946397782
"166",2017-06-15,908946.777691758,69894400.6550163,5150948.02211415,505172.576275617,209580.489687153,104204.692443619,125222.500628569
"167",2017-06-16,818173.678888609,53440449.7576125,2800548.02186578,383634.85985811,159141.158183578,56927.4811012772,103896.465213183
"168",2017-06-17,947608.44994663,62199604.6176873,4362842.23986625,322462.640340873,186007.387040206,87299.6314165571,80237.0792648544
"169",2017-06-18,748575.579067507,48724257.6556114,2942559.59577581,333792.277933865,145549.82630978,58657.4348054563,84522.678752602
"170",2017-06-19,1036101.65079196,43268613.2518513,2908087.11811169,195329.651045464,129233.652167262,58545.2930063412,51974.5381981982
"171",2017-06-20,915205.756777114,75307951.1309573,4395417.47294067,573161.491129955,226376.183798347,88443.8701543695,153842.990370369
"172",2017-06-21,867694.162995306,47589816.3192713,2388480.38492726,427717.312856375,141921.025425444,48261.6090381536,114892.226432946
"173",2017-06-22,869080.40492944,46536292.4065844,2599607.45040491,255153.479858856,139649.540058704,51801.2046450033,71320.0479499738
"174",2017-06-23,790210.701008012,59340622.2774856,3072496.41680167,416529.503938601,177844.753688846,61306.1941377316,111839.515680989
"175",2017-06-24,962904.870318126,65900875.1305896,5158398.88724773,450800.438272759,199019.04931727,102552.432632612,113408.3028599
"176",2017-06-25,920014.859537333,92641453.0287317,4862474.06031889,578562.842335546,278389.624150823,96934.0197406612,163532.915912534
"177",2017-06-26,813326.491634104,38502208.8163703,2020515.72982344,236198.598845317,115561.132486214,40723.284424459,62264.0324500091
"178",2017-06-27,878325.759719619,26219321.93719,1278464.99501836,204214.226594225,78738.6965853374,25756.2586214983,52180.8561718466
"179",2017-06-28,989013.864757939,65251323.8555642,3683596.54419524,472493.24108533,195538.441604694,74122.7043782494,118915.22602986
"180",2017-06-29,665947.657195058,48470652.7450654,2134461.97262762,333981.363248826,145059.643968566,42399.0593012151,82240.9889901767
"181",2017-06-30,859540.369383236,48868829.6326795,3723204.75331416,337192.161215004,147077.112631334,74336.5038971729,86024.7180841928
"182",2017-07-01,822579.968122954,39844093.2470167,1996319.45920131,225760.81538913,119946.939221094,39933.8524557844,58622.6702189287
"183",2017-07-02,666311.39028506,59543609.166182,3902824.85632929,354347.466795805,179344.681552478,78438.357441404,98574.1449908209
"184",2017-07-03,920805.077766064,60529085.8119122,3051967.992908,538560.879000531,181913.515514169,60903.0712950719,147344.806976738
"185",2017-07-04,764865.769929197,52319380.7451756,2753884.45780253,493591.983619908,156927.228106929,55070.9668957229,121838.384950104
"186",2017-07-05,762287.293576022,63164367.4699206,3987934.96215789,371079.520117119,188916.778911626,80196.6752025808,96905.9709034165
"187",2017-07-06,771385.044064669,49442106.0942228,3069165.54808102,481654.01960409,149120.584071769,61800.4105403304,117210.602565633
"188",2017-07-07,893732.940296058,48374360.8130907,2357741.83398155,455788.618461082,145080.962207206,47871.9749635648,115473.565608116
"189",2017-07-08,675062.027497013,70511777.3739633,4598894.86697043,401279.187040458,210723.107124059,91597.0559075493,104700.459326649
"190",2017-07-09,823665.08626513,40929514.4020217,2351854.60229433,346057.59813741,122049.19040948,46975.8601663518,92165.0324622569
"191",2017-07-10,949951.776295577,88352614.5669343,5604958.90924655,552370.879346462,264698.610725151,113274.429870411,145171.213096433
"192",2017-07-11,785085.083902082,72383795.9529472,4644103.99688102,386492.834733106,217868.428717904,92293.9055110187,96861.9245077845
"193",2017-07-12,717486.061263419,30192828.2024906,1851612.26212785,148002.048695974,90699.4340070155,37729.0525550615,38056.8498905993
"194",2017-07-13,675221.679099425,54923695.2723814,3652860.69955816,418683.501851443,165734.557070604,73533.110368575,113181.300230889
"195",2017-07-14,406218.164241802,42468374.2447774,2480883.57084915,217821.542680871,126856.720540258,49984.8774067479,57266.5945154279
"196",2017-07-15,785725.659139173,66184901.4584071,4918153.38758021,499577.481336012,199197.935173709,99659.9970408417,123413.205070867
"197",2017-07-16,600011.510303997,44866215.4238634,3199087.39785114,351779.226642419,134727.873764699,63778.2432978907,87604.5591118254
"198",2017-07-17,945975.113895716,52827389.2963431,3920644.58474223,360649.373363344,158934.623930935,78338.9024995503,98600.6722176644
"199",2017-07-18,886989.661283742,65818437.2674377,4177811.96550543,321777.647937577,197539.589736326,83148.4666583187,81136.7765558822
"200",2017-07-19,648612.856760027,73340721.771523,5124480.1738784,434590.981237388,220266.872134666,102258.678728345,112391.267209133
"201",2017-07-20,812652.109446336,45342650.5601606,3366151.63591663,316643.507969185,135315.046814841,67665.4108931456,82278.5796480781
"202",2017-07-21,718187.349797041,40075626.8654654,2328187.19664064,332205.205261352,120206.032527104,46544.6432938838,81352.5081036241
"203",2017-07-22,443631.786681943,73495151.6895394,3801108.82350204,602952.824472765,220687.574828316,77130.7404612117,157865.132961453
"204",2017-07-23,618723.152073079,62027453.4204372,4140441.79727261,387721.987686762,186125.208662339,82571.7043447277,106557.18743326
"205",2017-07-24,690263.456605949,38224986.5658053,1933878.1063605,346351.759448294,114347.047171718,39287.2868361269,90186.2215872601
"206",2017-07-25,547036.242759107,42679911.9342946,3070973.7028231,340562.459751576,127561.622186801,61615.5137666251,91237.0384983012
"207",2017-07-26,732686.304027546,68951447.7907709,4971500.71626193,468490.200830351,206517.381806075,99730.3330695588,121718.566195866
"208",2017-07-27,560787.969027252,60801030.7018717,3122246.58106481,474687.191080756,182755.770316494,62673.3746645254,123562.027928815
"209",2017-07-28,497951.104633183,30183650.3669765,1392517.17249446,265692.021030359,90374.6679538447,27673.4702690979,64449.2243998818
"210",2017-07-29,676207.449839657,46039423.3177326,3020181.50503265,264350.606050663,138135.451474751,60864.4440337171,65115.2233749491
"211",2017-07-30,615813.000807212,80601215.7748168,5054348.16281909,388107.26031838,241377.56763321,101814.284051252,100884.078406755
"212",2017-07-31,802562.470976425,35491543.6699596,2009098.5557601,251973.479405852,106922.734646934,40067.6219008596,64276.5284528872
"213",2017-08-01,590036.60280554,51529188.6553133,3136815.99424191,274047.724412001,155005.340862954,62630.4892975565,71550.9975602225
"214",2017-08-02,579655.476777091,60633975.3175503,3657125.64492685,402341.783598374,182518.031288336,73203.5848254894,103843.745696256
"215",2017-08-03,666472.395025084,38082807.2991925,2795715.1312209,213112.737657188,113960.684643111,55438.1185071042,52935.6985203942
"216",2017-08-04,763835.748936509,47667051.8605909,2991896.32134482,367637.481331263,142709.060668445,59510.0133258871,96833.2136908579
"217",2017-08-05,594170.483563403,52612440.9822076,3997402.35397175,441613.037567799,157532.916392589,81426.305591658,110724.272427563
"218",2017-08-06,835864.953622826,51005987.1532122,2343787.39208137,366858.730850323,152909.383835621,46573.1689410154,98887.1747370107
"219",2017-08-07,550718.297517228,75620688.0715445,3598214.96889068,589928.758876304,226320.164851798,72370.7645732097,143129.305461823
"220",2017-08-08,752548.780302408,66134029.0469759,4922201.36342858,450760.402519407,198386.608534922,100014.503879555,116222.145438575
"221",2017-08-09,746699.212012761,49610679.8499338,2445704.55687363,351084.136501404,149146.068912285,49684.1482562457,88058.0078535918
"222",2017-08-10,560444.037629422,33113888.347142,1727346.09214579,301116.925878687,98996.905605781,34593.1976953921,76151.7388799484
"223",2017-08-11,649459.36430373,46148218.5655289,2358533.32737993,396658.04715789,138368.485440441,47850.9256378137,104250.262084309
"224",2017-08-12,744275.380055241,70279284.1774655,4354955.6325503,565037.817644563,210713.817071491,87415.6738053713,151327.623957084
"225",2017-08-13,475116.583546776,65583771.3792661,4112658.35548034,511576.079051471,195837.109814467,82022.7952143552,133260.767164696
"226",2017-08-14,554127.875537038,57128509.995762,2871274.4718798,539895.292714586,170239.40963028,57227.143289921,142036.796834104
"227",2017-08-15,358294.895959775,45662634.9975509,3031180.45550383,363252.341436685,137059.313566777,61164.2072182982,93339.0430488822
"228",2017-08-16,554408.941015403,63518407.3280413,3795581.83915915,492958.720229514,189683.312559747,74948.0825999679,125749.298933296
"229",2017-08-17,444385.968423217,4967785.61176926,224676.786326175,33858.1491398332,14871.3792538042,4477.85837912966,9320.73976029518
"230",2017-08-18,434436.993209084,39036676.5072322,1865733.09502828,322203.607208939,118159.879877315,37855.074872051,83752.9256005435
"231",2017-08-19,674109.766178799,61302790.6671831,3141925.79409579,608426.448241121,184350.325088917,62624.0811075517,156570.070497716
"232",2017-08-20,507124.759838201,55442991.0453352,3305383.68006556,417681.802211596,165744.491431571,66525.9219721685,117594.061416283
"233",2017-08-21,742046.050185865,47575697.2066568,2282241.3878463,376337.379598151,143364.09244407,46035.9448952634,91229.8794948685
"234",2017-08-22,582269.926571531,59449961.0091924,3770014.94204233,474210.99322825,178282.188570096,75389.5008548671,118955.891625275
"235",2017-08-23,527423.177151789,53378992.7219822,4224305.28517437,402386.142208685,160630.212598321,84736.9537431564,95423.2516259216
"236",2017-08-24,387105.907816195,18338967.6498713,1104463.51137024,102578.954624421,55183.2673585653,21916.1538168885,28313.3226642718
"237",2017-08-25,707441.083659161,56622827.6714686,2837875.4168094,362933.413975415,169120.548015089,56790.4079120848,88241.1361580306
"238",2017-08-26,457687.963995592,40158485.3315303,1770691.63310522,289498.065604521,120186.006481436,35324.8826519213,73150.7031385662
"239",2017-08-27,337172.366702661,50920645.0581324,2384540.83938501,369918.830177526,152504.511171283,47879.7322584486,96730.5124073079
"240",2017-08-28,408678.417411128,65001310.8623574,4967998.85976305,418805.899192396,194497.31287996,100190.273938577,106882.379592214
"241",2017-08-29,368256.359641056,50312194.2920469,3153971.47370214,274705.896944539,151050.369241583,63091.9915964999,70332.74406621
"242",2017-08-30,598736.435181496,39490076.1661425,2879456.79442195,224159.081727075,118370.535614367,57758.4275524465,59436.6033938752
"243",2017-08-31,471152.547592661,49598708.2219203,3432240.63925568,413038.362685619,148542.503656785,68689.8109769214,107846.276217909
"244",2017-09-01,431225.543952553,52381549.9812237,3412366.4344018,465285.429953242,157018.354536621,68835.4752424871,119100.885676709
"245",2017-09-02,634715.1204464,53464385.8188113,2820082.49296749,330187.063380916,159995.341977879,56920.0425038647,84681.7514686296
"246",2017-09-03,477061.884604902,48273954.1577724,3046692.89153082,396334.553117387,145527.533156753,60340.9003209281,103027.489087102
"247",2017-09-04,407220.981689891,39161590.4871428,2687497.45948892,275731.909564076,117170.627839812,53833.9324515555,77152.7651687662
"248",2017-09-05,681107.655623082,86288267.407516,3904132.65211274,653501.660706094,258378.496845582,77570.968547033,174937.745658878
"249",2017-09-06,478479.7497664,47789513.0926007,3557448.39734431,341618.463427591,143486.583069828,70750.5348877912,85579.7557478805
"250",2017-09-07,331692.029979696,40365539.3252687,1918920.00148133,247683.973236981,121211.70434414,38638.6045112999,63085.4615775503
"251",2017-09-08,436964.79637328,31376752.4921163,2339557.14054989,231365.751401167,93715.1220647155,46998.3451913499,58145.505288871
"252",2017-09-09,623999.379840815,79898424.7796086,5041446.86539975,395644.547424606,239704.254189389,101584.943814321,112020.965488913
"253",2017-09-10,415608.642969227,43093390.1605994,2001488.1050584,356896.838369099,129883.759480853,40208.7347295249,92227.7723499165
"254",2017-09-11,349050.065144442,48819465.0009306,2519735.33170583,426123.117753112,146600.189633995,50897.5124939572,119536.290556634
"255",2017-09-12,484777.76547978,64114400.5686459,3767458.73803834,402687.156424141,192563.453213814,75148.752863853,104229.107296565
"256",2017-09-13,550704.17373764,54345386.0846479,2988906.36788122,454421.62616841,162478.562565573,60540.5058371942,111254.729233761
"257",2017-09-14,592202.325355224,42608394.8397081,2449333.59372405,329784.98878479,127976.156033998,49314.4556505655,86088.2432442419
"258",2017-09-15,512707.804495975,44048041.1940598,2421291.50722923,244129.897090105,132161.182572509,48938.9123781139,71389.1013107364
"259",2017-09-16,541364.384024143,38116991.0617978,1904896.28863543,236606.90018736,114966.329790537,38141.997309366,62524.2097991667
"260",2017-09-17,423968.691453923,39930153.5669916,2730154.06100431,248308.040317881,119462.358891728,54241.5747187391,62314.7925958725
"261",2017-09-18,276550.4310616,52801126.2243819,2880785.58354798,278585.01451096,157838.680942913,57320.5646954454,71959.5040783061
"262",2017-09-19,770718.435289752,81890596.4655162,5082266.76852917,584045.951109108,245740.355475378,100455.833304243,158980.342290625
"263",2017-09-20,503462.044083143,77349058.7070978,4739319.11251235,665755.533649234,232681.287530431,94745.0078618119,169104.225612156
"264",2017-09-21,501640.798056111,46935843.4243312,3338575.95040265,335437.048961266,140822.088271945,66321.3950938684,81920.1833383254
"265",2017-09-22,694011.93621346,66127629.0133606,4986454.97204871,493243.959395494,199054.420634959,101444.778790369,125811.58012683
"266",2017-09-23,416178.52186518,34844379.1356537,1824169.4946085,226267.487917569,103943.805552843,36524.2010636086,61143.7853763898
"267",2017-09-24,743665.754094729,66382847.6353436,4978173.22857066,413576.490823504,198740.35567571,100320.539470735,102300.503200275
"268",2017-09-25,392972.834452517,36721733.4125496,2424378.83896813,282916.517378084,110184.99764518,48608.9711778151,84187.9215494312
"269",2017-09-26,284903.55161791,5031013.53235686,345547.40127086,47735.3426281407,15113.7846153758,6944.35754230838,11287.7493993855
"270",2017-09-27,405665.10414287,60205769.1866526,3389840.08427538,495290.742560181,180366.938422775,68171.5907815162,125634.257028122
"271",2017-09-28,530207.997926206,47597183.0610845,3696407.06539571,363605.514855919,142763.581754749,73478.288090055,90094.3226282731
"272",2017-09-29,559961.377266485,17975623.7661382,1174598.61005885,77843.3727214234,54187.6989484641,23796.6769397024,21354.9386521065
"273",2017-09-30,354663.942954976,37549811.7901282,2183456.16653952,222795.363719048,113364.301549364,43803.1919177048,58307.8247385611
"274",2017-10-01,510211.12887114,69079609.6097574,4110731.67550923,349678.678728989,207523.720558472,82873.9133581366,96346.5375079076
"275",2017-10-02,501691.105302529,30837963.7573131,1695118.46077108,292908.008081947,92564.0122758435,34011.9409341011,73385.1977102442
"276",2017-10-03,683195.383084057,73142616.8302244,4553165.98843448,480976.552288788,219755.725768501,91507.0189229495,126344.987737641
"277",2017-10-04,374645.307706337,46913592.6730044,2986280.09137424,302075.654503228,141054.477321982,60213.7794560105,79880.0639900543
"278",2017-10-05,299030.284644694,62443878.0463526,2906085.60161548,406315.194552951,187248.105264886,58686.0942617719,115425.689050357
"279",2017-10-06,440168.489015284,62953081.9451984,4202504.89421362,424375.13755069,189441.009267852,83215.9155168326,115689.501211021
"280",2017-10-07,364553.455812957,52822762.3112157,3147514.93931884,448073.905827555,158697.084688922,63364.3007152243,113528.312252492
"281",2017-10-08,632436.896715046,58140976.5146778,3392979.5912625,324728.443456378,174621.104598957,68008.0997424792,83107.3319452705
"282",2017-10-09,547896.120833752,31801290.2024023,1570609.98343485,295781.550693026,94724.4929078121,31350.5227955045,77129.5036843843
"283",2017-10-10,646642.515543318,31526502.2831552,2316538.2354277,165849.874728016,94426.5045166459,46383.6140108622,44902.0105058297
"284",2017-10-11,483344.219493122,60122496.4535293,4532519.13920471,414807.115406777,180193.482585067,90167.0821995127,108599.791385898
"285",2017-10-12,574963.174339997,51503151.5410592,2764705.82466745,458769.418649006,154917.830728411,55832.9077762274,111981.665152712
"286",2017-10-13,568389.732058748,84780033.4678967,4362521.92996528,550116.935461353,254732.505054244,87320.9044086038,148351.977597579
"287",2017-10-14,512880.550075176,24746865.7999714,1374529.73570798,214926.680381098,74148.1783093437,27328.5321557517,58344.9577657441
"288",2017-10-15,450035.909157025,64816871.4648217,3332763.21162382,381554.682972255,194348.214166146,66583.6181034484,101407.67671033
"289",2017-10-16,556245.242055061,43478670.7818714,3158703.04481808,345760.114724889,130231.050044769,63441.3684166119,83313.3494488705
"290",2017-10-17,444494.385048251,60514580.7840859,3136644.62816753,445758.918023341,181458.540046453,62640.722004149,111670.774698731
"291",2017-10-18,687399.403658272,80117232.3061548,4038746.72944588,444214.461854354,240935.064352859,80963.9595519184,118241.682979331
"292",2017-10-19,482904.852054682,39095440.358201,1913337.8501162,223846.511589827,117192.748110222,38346.3955483887,61069.6870244914
"293",2017-10-20,681423.567798205,52382661.7604088,3887910.99016096,292509.546441401,157820.911324033,78058.0430662177,79407.358731634
"294",2017-10-21,454327.26748381,51892426.2678445,3571126.64506093,370224.50225493,155642.663033594,72216.4227913026,97534.3517237013
"295",2017-10-22,594036.444949222,61043279.8044227,3516589.21360187,541008.872288272,182785.216329917,70758.1673654079,148706.887471741
"296",2017-10-23,97581.4867490708,45473102.7043415,2807604.07967378,395356.850024474,136208.047561135,56133.041221559,96542.458164914
"297",2017-10-24,512309.02117524,52693115.2885889,3107415.4404741,317706.682017519,157180.327221974,61780.7090314036,83301.5227431728
"298",2017-10-25,611393.395071133,49392969.0800068,3930384.66624815,357617.182248703,148568.286842553,78820.4228716531,97246.8909533901
"299",2017-10-26,452976.305567602,97742804.9053307,5778878.43955891,522968.105340573,293993.112649775,115895.021278639,139519.452980037
"300",2017-10-27,662496.055907809,47270279.2097838,3541254.03849891,339026.425495077,142230.505178888,70192.9364943361,94982.3051734759
"301",2017-10-28,708593.46521527,65196493.9623412,3138655.92979006,552660.520245995,194833.090055257,63032.6223550172,144723.63647244
"302",2017-10-29,557244.888248603,62215862.9891543,2751920.7233035,410695.38933906,186912.421057179,55269.7552133167,112000.488611221
"303",2017-10-30,394634.312139455,44626363.5457737,2032885.13834983,290543.728474164,134376.944275537,40875.304952117,75784.6829647424
"304",2017-10-31,585899.964352415,58490158.9260712,3260413.08881667,362190.514786,175054.418418142,65580.2313631378,98002.9882257847
"305",2017-11-01,571866.600702643,47608738.9121253,2630090.57793888,374871.629155083,143023.735567935,52054.228247312,98147.4653947257
"306",2017-11-02,532019.510817106,58353206.8942648,4536448.56430726,404271.009377507,174826.4359084,90598.2992247375,105360.337123535
"307",2017-11-03,517031.551038039,22850947.2235351,1669117.6133943,168677.166831213,68102.549841985,33594.1220616191,42716.8035361051
"308",2017-11-04,655636.44134418,67912804.000553,3035908.77785027,493137.38675196,203730.394000808,59335.5023775613,127164.86408129
"309",2017-11-05,677609.242449309,70531265.0895552,4094677.20680005,391847.48607333,211574.260176872,82130.386155721,105454.997307774
"310",2017-11-06,540293.620826192,62548517.0014639,2951915.06493741,482998.081538923,188470.403315271,59048.462934769,122174.71716977
"311",2017-11-07,872061.036733605,62491314.600829,4458598.4851197,475527.714532682,187793.166343095,89077.5665589298,125989.321362845
"312",2017-11-08,534243.509086683,59997658.7969831,3805186.17549923,524657.277614298,179658.298532519,76099.1613322337,138561.325057731
"313",2017-11-09,677567.746727092,41194671.9528257,2129173.2726981,326779.215455143,123814.642235679,43177.9781282399,86209.3483646234
"314",2017-11-10,509549.054322601,22277974.3561836,1291675.75741147,209106.931315949,67114.5673419991,25888.1686864632,53558.4694796269
"315",2017-11-11,866648.808882703,44298507.6986877,2497830.77322524,285060.685531189,132869.725706149,50338.776250917,76985.5700738612
"316",2017-11-12,622867.3216748,58066001.0958702,3990444.44220696,329282.211533944,174081.51057519,80083.7784174281,85644.9440938249
"317",2017-11-13,716647.186217913,21616241.8745449,1229482.38125104,118706.628871036,64413.4352365091,24840.263479648,29364.3165415119
"318",2017-11-14,890195.688444096,58185494.9592207,3422357.23484317,456594.283164475,175401.151400169,67793.559687415,126814.060601193
"319",2017-11-15,668525.864507836,61011592.4020418,4733899.54408921,462999.35503486,182760.147900298,95890.0975564513,120432.593806524
"320",2017-11-16,645087.579631729,68505860.8958604,4477413.41279785,306504.10273351,205670.016439747,89379.5334435424,81302.0564060261
"321",2017-11-17,753393.631066396,51517091.992273,2701743.247263,460759.831261897,154914.975033847,55013.1475068193,120988.056628918
"322",2017-11-18,748812.149233325,77179726.2008246,4486255.8008995,491689.405780489,232233.284979215,89990.518254668,127433.56091961
"323",2017-11-19,777406.898705187,58556912.519193,3619207.01280117,377660.644126828,175147.021200664,72718.5561712024,96238.8189745978
"324",2017-11-20,760235.029314822,96435474.9103443,6699023.95606985,469425.759384549,291324.013606962,133289.068083903,121287.873179783
"325",2017-11-21,616231.366641222,34768332.6862335,2567394.65430707,220278.933333302,104250.129988408,51322.1003946756,54865.403829072
"326",2017-11-22,429424.186981099,54698957.2831401,3640646.21331012,303675.092104384,164332.715008475,73388.08523945,76632.510169346
"327",2017-11-23,894782.015620794,57165958.6172759,2452495.23417083,433057.736625041,171876.492680549,50480.298581359,112859.239903928
"328",2017-11-24,704554.046909178,44766307.9269528,2493616.17362811,322319.611935934,134246.021498674,49899.2866966484,81677.0027037399
"329",2017-11-25,840571.403925119,49997840.5154152,2626033.802601,293960.022708705,150692.521518159,51993.327785131,75149.0943821439
"330",2017-11-26,1036743.18313884,55174023.2479381,4051927.91404792,426045.254646821,165236.021119654,81210.1255681166,116265.298706066
"331",2017-11-27,789251.884914981,67423416.7831534,4609893.51676467,494666.700722311,202849.972342139,92500.2435231119,127694.181935748
"332",2017-11-28,798958.00930586,75074815.7560953,4537761.52236845,524340.146678018,224935.049457774,90569.4734695647,139745.000495271
"333",2017-11-29,807853.058794561,42814966.8804374,2911020.81283553,273416.885801305,128505.792339415,57835.3911408471,65390.829769798
"334",2017-11-30,828786.004270907,57018404.8888366,3961251.72393263,324942.914327057,171057.493057434,78267.8483791645,84112.2162178052
"335",2017-12-01,649248.885487381,39297318.8720519,2301776.88901748,315456.800584638,117454.077370226,45971.0117632934,80842.4126114465
"336",2017-12-02,691292.854425266,50805802.9252551,2866121.79891513,318685.727622738,153117.753223918,57654.3759135341,81072.4609640913
"337",2017-12-03,862384.130073903,49944892.119879,3806141.20794368,357738.444326208,149953.153067034,76307.6020672849,95750.0049493581
"338",2017-12-04,765847.296750495,20782168.9460158,1001636.56803687,153592.357100459,62648.0425711126,20130.1330784875,39484.3274866662
"339",2017-12-05,831872.801838995,47308374.4301374,3054242.48590242,317488.854041349,142134.633066109,61333.8192309735,81906.9252077503
"340",2017-12-06,842200.105870385,47781458.4257044,2732851.67088471,430175.624111518,143376.147281961,55377.4670637751,114315.625734369
"341",2017-12-07,761504.113980326,46557886.0301799,2755341.27794109,258419.940903807,139271.019104375,54981.2063974409,65419.2892217347
"342",2017-12-08,796189.107315419,48287981.8056542,2890445.51817452,321625.177190339,145387.440995924,58047.0884907321,84927.9447559893
"343",2017-12-09,647283.378600734,32018914.5063243,2106918.45541572,217436.419982948,96019.0254242524,41736.4521105558,56240.3202244034
"344",2017-12-10,744802.411197824,33059224.0316385,1624653.31587448,288253.001282346,99040.784606311,32511.0862750405,71464.905982007
"345",2017-12-11,807741.204433915,66494854.9258575,4566201.18174605,441682.213904854,199749.381783538,91601.7383753334,117179.412377485
"346",2017-12-12,988261.966455767,66618632.1184347,4148439.86017687,384530.068333645,198877.691728497,84049.8538081846,108058.305487652
"347",2017-12-13,927855.953994488,74369868.4055611,5379605.47697991,380774.585414891,222535.272437761,106571.541852589,100641.145923729
"348",2017-12-14,851232.071570443,38701612.74912,2252437.03661002,253008.88940547,116556.113307093,45301.3369495738,69249.9037089629
"349",2017-12-15,983662.059034649,94124945.7480377,7159935.29474207,678406.962795671,281967.922425525,144122.647766277,173743.631427449
"350",2017-12-16,877898.830128756,65472019.2948541,4092417.95809151,562916.063264857,195787.858904551,81299.0303431579,144074.54251801
"351",2017-12-17,906010.131054267,71924245.9552848,4269049.99593895,383311.304930683,215703.891131595,85080.94957359,102098.886968275
"352",2017-12-18,980245.774568515,52658465.0683696,3106197.66159746,334485.262283758,157659.19326494,62184.1826543927,85192.2144087574
"353",2017-12-19,983213.230363989,65539916.1102762,3390280.09772677,622806.559617353,197001.622505841,68661.5127901041,160476.728956401
"354",2017-12-20,967466.702007156,29231174.4327479,1345757.96707727,212105.365931681,87585.7514345551,26829.2721851118,56292.4135193723
"355",2017-12-21,871463.645316293,56359641.2625501,2813177.41605352,432690.603501789,169532.132899497,56164.3303861437,112953.07912798
"356",2017-12-22,907335.537067052,59106093.201697,3006763.82376735,595106.3766036,177821.549137373,60849.9424819101,154671.424879231
"357",2017-12-23,663040.637257712,21834612.5554224,1196606.06169205,202708.599884135,65347.9980087143,24464.8247550313,46976.417141043
"358",2017-12-24,680827.069161092,23390166.4542247,1702007.98146765,152276.259365568,70154.0414931963,34665.550545502,40212.0052566887
"359",2017-12-25,919516.636384781,47716705.9694959,2364199.71352552,441360.335131067,142769.713855461,47876.0219988095,113798.612879839
"360",2017-12-26,1033498.91515491,63786496.8017329,3178723.13778641,482418.34748121,191699.689456385,64332.2595408386,121785.551942616
"361",2017-12-27,893826.034426781,73001683.1430497,4994493.488463,619758.197396218,219129.933075521,99831.9714000168,148199.51644424
"362",2017-12-28,946109.737521332,69226824.485635,3905302.13400678,417339.784384181,207063.189280118,79001.6449201774,108872.597579768
"363",2017-12-29,1090445.55357591,80035564.6438373,4805421.95897766,512636.60156454,241321.305455263,96911.1204146236,131768.23711571
"364",2017-12-30,1052009.05579606,55484653.4416947,3577417.55158976,309120.898605477,166387.582000943,72240.8820668268,80002.8135132944
"365",2017-12-31,904060.974360224,57148951.6046531,3199267.77070621,522725.558412197,171481.424640231,63540.0584163028,132337.421039955
"366",2018-01-01,1058066.36922244,48733583.9020745,3277187.11258588,390049.97721834,145688.572650217,65428.4935735864,98491.4374626527
"367",2018-01-02,985564.371650521,49018418.4600784,3433930.02474557,352392.908289914,147039.232316801,68811.112126696,90407.6449404683
"368",2018-01-03,1017219.03995148,59621111.8569969,4104068.22844923,550665.795647996,178741.377902108,82477.9613698286,134310.3898289
"369",2018-01-04,991418.02704249,43853237.5769038,3143816.36475697,382262.848089129,131762.930888417,62996.1928336527,97138.6361583683
"370",2018-01-05,1171676.28749898,91263588.4055886,4631775.58643419,813602.077557141,272447.889819051,92788.639849291,206487.285506383
"371",2018-01-06,1182508.70728632,48180758.5684872,2891997.24258272,272170.531806867,144345.017581874,58265.3741487398,66611.0218270277
"372",2018-01-07,1279350.05543429,51573344.272145,3068080.54912749,379039.025289196,155031.056011973,61036.6188519726,97911.0443097114
"373",2018-01-08,1149549.77055694,62629135.4428528,2916096.7008989,388403.351182153,188454.800342,57983.1380068782,99560.6400744116
"374",2018-01-09,1127355.75960444,35415029.6474753,2229569.6352513,250914.867444239,106319.155779919,44885.4129545152,68198.2731308411
"375",2018-01-10,966567.290100906,14531859.9713946,1075399.60217494,83416.6374867954,43671.0619726381,21502.9301298541,21380.163324218
"376",2018-01-11,1062580.16842589,52190033.4400248,3917865.15076936,372011.912863313,157390.373690193,78917.9537694247,96260.2167252785
"377",2018-01-12,1053194.22431688,29307965.3830655,1885144.79319108,225383.492271252,88346.0070916137,37960.4813302451,59091.2878480945
"378",2018-01-13,1164695.64590158,61398489.5172929,3703921.95415297,432926.412948382,183743.454520469,74230.3710413451,111809.736146972
"379",2018-01-14,982595.946522389,46516504.1904476,3015174.80766015,274115.489915218,141094.186818813,60417.3777094195,72815.6111189197
"380",2018-01-15,1061765.38901452,42146043.3985725,2675673.76705633,213993.849984308,126762.094409425,53168.117367626,57676.2830840967
"381",2018-01-16,1326037.85755597,35515388.304726,2066980.97834386,290253.601171905,106764.712191627,41515.1883118461,73143.0646683599
"382",2018-01-17,1202156.91419362,76420814.0788452,3945140.64891381,493273.872168524,228510.05880993,79035.391606022,128619.327060155
"383",2018-01-18,1046381.25579279,57580403.4200138,2759355.36341783,471499.19301545,172784.60576863,55244.0357631792,119751.95782559
"384",2018-01-19,1095117.09042648,49625396.231017,3143197.05895936,235098.335273681,150095.842711487,62599.121115965,62660.6565968505
"385",2018-01-20,1325388.99736861,37188932.6887579,1673319.66323522,280778.609908504,111643.59791335,33366.1505239557,68962.6060443402
"386",2018-01-21,1264475.49349945,94192422.3900498,5766654.298484,441026.066430476,281023.763288768,117492.484837575,115807.316484862
"387",2018-01-22,1063658.43624698,39935101.8277497,2082559.91264458,278683.328834744,119509.664412441,41886.4733205023,74156.5776133568
"388",2018-01-23,1130499.81905484,49374645.2748724,3490690.13589771,268861.35342559,148298.407435484,69509.3213417284,71415.7200052778
"389",2018-01-24,1132652.88240698,66847183.4009704,4971815.88199238,398126.790443059,199114.436759002,98898.3549565705,105718.359108734
"390",2018-01-25,1177943.92270803,74075455.6115322,4295557.20534882,460179.198361263,221756.098226212,86428.5902277918,118026.065504329
"391",2018-01-26,1474715.29648653,55934074.5008539,3312810.21160442,368299.509458169,167589.020821569,66316.4546521125,100082.640517019
"392",2018-01-27,1152635.13903791,59224064.251283,2835563.94209961,481032.046331953,178441.65116687,56859.2261430285,125021.223372875
"393",2018-01-28,1079964.81561338,24707549.0898113,1203194.60121284,229430.135274779,73763.2470209521,24077.422276484,59369.2366699542
"394",2018-01-29,1083378.83833074,9993529.36705899,449371.467051414,66273.365091639,29970.5265310001,9005.06340457462,16305.3564474678
"395",2018-01-30,1262926.0979128,72331015.9642415,3806320.91630665,379927.551890541,215530.799420779,76087.3249608256,106998.447979528
"396",2018-01-31,1326443.0663363,43589731.5778248,2346580.39312085,362706.420650484,129902.41181379,46514.0860362602,93837.1331956636
"397",2018-02-01,1345226.23072467,63898264.0249465,3287323.81077088,683902.250959782,190994.786133117,65761.0063917886,164851.169135895
"398",2018-02-02,1378415.07505499,55250313.9717382,3176876.61391219,355671.611022813,164991.980964823,64148.1644829973,91706.0490757104
"399",2018-02-03,1197573.21967806,37674942.316969,2632632.75954981,248079.66906784,112916.900692453,53710.0993186031,66931.6159790187
"400",2018-02-04,1288625.67757348,58797725.6298577,2951546.01096758,413641.229916481,175781.333547239,59314.394653886,115700.718363876
"401",2018-02-05,1455411.29984308,70747330.7522856,3699012.50179041,475982.359809049,212208.136246607,74186.6977293442,123296.629819815
"402",2018-02-06,1363965.84544272,34500290.5915751,2157910.16268573,268530.892919419,103588.111404728,43172.7185822554,70597.2752450965
"403",2018-02-07,1345793.81648011,82909266.3171322,6469234.77877355,708809.309168704,249283.538743185,130019.715120795,174222.919002821
"404",2018-02-08,1276663.00446307,10071857.2819354,613729.409947928,88068.4559036124,30190.5433546454,12382.8594992634,22915.2658765207
"405",2018-02-09,1414654.10623851,39011893.92723,1712783.18412656,269827.517183747,117541.820414263,34459.4066368778,64377.3060025635
"406",2018-02-10,1316796.03941654,5612236.74297326,280702.285435356,32751.5694425732,16847.6311014127,5618.03615665711,8742.48161472251
"407",2018-02-11,1284709.63619094,55079150.712476,3277817.24184467,288949.841975257,165291.479376932,65680.5127689164,74874.357587688
"408",2018-02-12,1578027.03595835,59622730.7059123,3574492.91496853,539837.64157975,179214.110700329,72288.8655893928,141798.878846567
"409",2018-02-13,1367707.70948771,63302394.3214923,3275925.25017702,543856.915331653,190631.091899045,65877.727299063,134100.454292982
"410",2018-02-14,1151586.35127937,47035677.6353697,2578776.28051773,350279.339028326,141875.772791927,51727.2816116462,92185.2649462385
"411",2018-02-15,1445116.46311549,46648742.1617062,2406843.3111715,463770.280577204,140595.182222724,47747.121188598,111255.645362809
"412",2018-02-16,1617060.80641986,67942481.5898614,3086694.47170451,444307.77054929,203885.327958474,62138.8146350768,119539.327562736
"413",2018-02-17,1357879.90132539,59493494.9626629,2910623.81349552,553816.671396374,178308.505193976,58139.451527134,131818.793227425
"414",2018-02-18,1301910.15334978,43006142.1815692,2514042.75921984,331167.652477325,128770.296157799,50230.1741952787,85601.9946632841
"415",2018-02-19,1437544.70700264,44384573.9627048,2627801.02763597,248601.68689154,132762.735221377,53182.6458883733,61603.123328883
"416",2018-02-20,1542125.95248065,58710691.2244787,2559568.68391072,384674.448977851,175363.281500217,51646.3900756069,102429.401690609
"417",2018-02-21,1142629.1131117,53928325.9245458,4155065.55001434,336068.506534361,161377.261225954,83379.6245328233,93554.6190046318
"418",2018-02-22,1389520.16336683,34730588.7879025,1925791.72774635,244700.037401709,104156.048286905,38629.2914029756,63811.5952720987
"419",2018-02-23,1268720.13812361,19290329.4485793,1243966.36280829,123753.7624172,57659.4909542205,25191.1606556843,31998.3213178406
"420",2018-02-24,1320667.01764155,40178285.2694567,2674758.40110748,215403.420847069,121261.068279938,53381.1354918947,58290.0056895899
"421",2018-02-25,1308496.53266071,45392901.5985806,2943675.21237168,342400.55594597,135818.588855424,58717.2301131643,95045.4344061927
"422",2018-02-26,1318684.42302849,68714294.704556,3379639.60777771,522062.09403739,206439.470703459,67595.3050898647,125926.707728414
"423",2018-02-27,1467989.4919492,73411104.5612185,4448132.92607184,390386.257562467,219640.142936776,89019.9338892626,102385.933945447
"424",2018-02-28,1341937.27539446,43362935.9451626,2299833.39221194,377689.541781435,130105.306839435,46213.8198562185,91758.0770133324
"425",2018-03-01,1406455.16266824,55327644.1604605,2756078.82622922,350867.077005294,165424.56604788,55219.9800697549,89137.0624817446
"426",2018-03-02,1481865.09956728,51315565.8682655,2900386.58434981,328758.411602635,153916.350657299,57738.9028641014,89734.6148299599
"427",2018-03-03,1389126.28607988,54394617.7319581,3334626.85062983,296937.891672766,162667.705100764,67961.0621238123,80407.9586165714
"428",2018-03-04,1347797.53730169,70582274.5676671,4955902.40031212,433952.007252193,212081.837352698,98613.9838827299,109444.568092287
"429",2018-03-05,1502234.77713686,64407458.1104118,4041059.71561139,444919.754614016,192486.947105703,80728.1989581326,117086.921726607
"430",2018-03-06,1586297.10068011,76571639.8474183,4172735.75488683,428187.990388426,227987.713374935,83407.1051763591,122281.678034138
"431",2018-03-07,1548543.75110176,38821245.7714461,2485449.19847439,194711.343644474,116460.338040307,49697.4824123899,51226.3708534743
"432",2018-03-08,1550286.19756852,61330211.2747018,3051974.1521243,528512.59015556,184820.435261185,61100.6455333704,133836.977917159
"433",2018-03-09,1307505.00279498,48533303.0832816,3222302.4428192,329352.102579112,145534.49611187,65098.0334864478,85744.7390149614
"434",2018-03-10,1617546.90830786,56376883.4660175,3521051.80365315,464178.656929984,168969.765548885,69912.6680309218,124845.015729006
"435",2018-03-11,1374135.47097929,48142000.0861571,3074460.90221784,336977.074075851,144769.216429882,60965.7533955308,90462.7677983716
"436",2018-03-12,1583348.94702472,57181681.5667596,2727069.05477299,439995.714187307,171099.988970609,54870.7913300353,111652.073448563
"437",2018-03-13,1566603.11050592,51971014.6123561,2792154.85590555,375977.027328723,156494.843150809,55548.4237972358,95882.0280006457
"438",2018-03-14,1525226.39034266,58504185.4590159,4008591.79638405,254687.408350674,174858.741060793,79645.4791266908,68639.9296414349
"439",2018-03-15,1727437.3024463,39602060.6506115,2607184.92006815,313286.367370749,118987.248661436,52024.7437820433,85281.8800659278
"440",2018-03-16,1487698.09642784,72303146.7300085,5182933.78441781,454713.563116586,216082.555242271,104057.20433478,118465.081696312
"441",2018-03-17,1407224.36626777,71804129.6927921,3713960.45305303,531175.581525543,214535.366864263,74656.5265420623,138261.266148305
"442",2018-03-18,1442384.18764761,30244302.8886554,1957034.91564021,254023.246416946,91078.4105853013,39550.6159717212,66430.6572323349
"443",2018-03-19,1504154.85948176,74627964.9379062,4733414.16750453,603063.585414509,223984.612159629,93700.021520291,159549.738798321
"444",2018-03-20,1635552.94401837,55589691.7278027,3892972.29841922,442241.326552484,166923.334557193,78110.4582143592,112620.919851305
"445",2018-03-21,1405885.41931047,61306255.5672104,3132428.54762241,506121.836448784,183987.567866547,63553.5373600593,131489.761565256
"446",2018-03-22,1223157.61837317,66135386.1065695,4032099.84457568,451556.034325342,197163.093573306,81164.5369471305,117801.141759123
"447",2018-03-23,1616214.11851652,51590674.3673416,2900031.1331009,317334.432641421,154617.250199623,57528.6845668434,83530.2051971144
"448",2018-03-24,1516723.9908017,64596140.1324443,4134819.20502017,332354.954292889,194342.303339278,82466.184544231,82592.0786511929
"449",2018-03-25,1561925.2008576,21367100.8449274,1537607.80083434,135288.295825507,64173.1865395077,30802.4952516587,35998.4320432749
"450",2018-03-26,1590487.53747507,72684236.2675789,3546607.66017845,442515.531758148,218189.431283213,71299.3526882601,118494.260812015
"451",2018-03-27,1669460.61520048,74018045.5179765,5425049.35076366,473964.324509217,222544.200519054,108725.395558081,123054.51161027
"452",2018-03-28,1708154.70947845,78929967.1630602,4346267.74680314,586515.324157547,237375.216228019,88052.2449939427,155654.674683951
"453",2018-03-29,1422598.16865074,40631803.0363951,2725480.37898012,278610.786422262,122106.798644989,54407.0449794732,69995.8371698117
"454",2018-03-30,1558092.83344164,60708527.6914434,3353440.63925376,434728.765677662,181860.00778537,66152.9070433796,110552.073550542
"455",2018-03-31,1545711.29072586,71979502.9949316,4481108.90804924,592071.968776346,216280.515451221,90654.4666479167,152041.770421008
"456",2018-04-01,1562640.85148621,25266769.700517,1521288.92281488,134113.510335138,75533.3045473191,30343.8378566669,35092.1189323959
"457",2018-04-02,1694892.25359976,58739076.5756024,3732439.39008588,389522.8602391,176769.375331471,74927.6920850587,102884.022725735
"458",2018-04-03,1628175.74869273,46471962.0488904,2731754.71957916,284079.074662294,138453.437796686,54867.7167038841,76577.4025422096
"459",2018-04-04,1722600.52116608,49832803.7100693,3178066.36677796,372587.148234671,150081.839700256,62969.7910158604,95297.8368034877
"460",2018-04-05,1573454.23682407,47506366.0951607,2883986.56867083,270479.313104784,142181.163601807,58682.5413562246,68725.7550571723
"461",2018-04-06,1578946.85248726,59086828.9090269,4039493.21719333,448592.654366125,177946.458688696,81042.8193916239,124008.345162552
"462",2018-04-07,1556031.76000268,77334879.8700889,5556551.5880343,479220.581625161,232983.483055862,111319.18664563,122984.067644888
"463",2018-04-08,1476414.05728901,66821594.0151192,4802028.6147256,413832.356250019,200737.729066738,96277.3004345903,106822.139692839
"464",2018-04-09,1524523.94227787,40874912.808548,1915506.374789,253958.25047584,121864.701818907,39099.5539769372,68511.6531181251
"465",2018-04-10,1363104.68822806,70661914.6671728,4989076.43230696,500676.725429322,212736.310082281,100011.926424853,123873.439312663
"466",2018-04-11,1591087.12183649,28435679.059625,1689332.56163418,133740.280915578,85528.044442162,34067.2732477132,38835.3685188475
"467",2018-04-12,1563589.97813876,39602712.8097367,1949584.91861424,280118.62935807,118743.330739491,38965.7297892295,71332.2579765825
"468",2018-04-13,1742735.86435577,55668990.4970647,3556871.77964148,399774.984361298,165647.112307378,71087.2024037447,110022.396872897
"469",2018-04-14,1676494.70230117,61580747.564776,3035896.97016353,362090.629056333,184997.337757113,61333.4183846363,95427.0531706344
"470",2018-04-15,1611217.4703098,35092724.9611627,1985093.71033748,204193.240311082,105310.054401193,39493.5529512325,54117.4459472195
"471",2018-04-16,1762076.74779623,81742447.4496321,3851316.36259488,766997.757258416,245820.657630091,77675.3478434624,193976.880661071
"472",2018-04-17,1506703.00204394,48495486.6547859,3932141.52774906,395109.489402659,145634.789269097,78526.83416737,98936.855988936
"473",2018-04-18,1592240.88631239,18728492.2492566,1147724.5392838,126213.003522892,56255.5981733236,22781.6094365391,36376.9161415343
"474",2018-04-19,1391087.63479977,54372567.7129692,2825224.6181634,395406.209285921,163469.504700951,56494.6778600342,100556.868826024
"475",2018-04-20,1704386.7369674,55950996.3503559,4544368.25078586,467284.856748307,167916.999290964,90864.6587630465,111485.808614089
"476",2018-04-21,1513285.20812174,61217326.67649,3666663.46594975,371890.846611136,183659.581824506,72474.7340708146,94919.9633434489
"477",2018-04-22,1510657.04215222,49355478.212458,2576170.88503435,429178.169918907,148446.968718947,51363.5273429929,104724.924659046
"478",2018-04-23,1604391.5840017,65203314.1283405,4243892.0909776,473453.168258853,195592.161869785,85484.5862185869,121967.234582865
"479",2018-04-24,1424947.18144226,51790927.8246745,3691950.65555437,349481.731549203,155014.296077417,73593.769970106,93878.2895927335
"480",2018-04-25,1780833.89380694,73809769.5799611,4518469.14591026,499207.084929962,220871.916806262,90724.2016680848,129274.421468222
"481",2018-04-26,1521951.77128861,42935047.7942185,2533076.17814255,231054.924519304,128322.324920467,50893.5806301637,59617.1997490687
"482",2018-04-27,1511818.64257653,60631197.8114751,3813867.04328681,410988.009278519,182157.878356588,76365.3605235514,106248.822365066
"483",2018-04-28,1654693.14585791,68174271.8660867,3027376.79563845,449521.667605138,204718.749241592,60012.9142522414,120902.898835453
"484",2018-04-29,1463582.66802007,29633863.6000253,1354700.38262328,254652.383385433,89010.9708853707,27176.1954488229,64897.2941340971
"485",2018-04-30,1503598.56212767,81954813.2204097,4610999.42845064,749838.620243008,245344.830606383,92892.0769443457,184952.625512262
"486",2018-05-01,1524167.59446045,54539640.5880447,3328816.3430151,446174.836577244,164372.275059218,66418.3103240539,105129.847180324
"487",2018-05-02,1355305.18512078,67454959.5887893,3506782.07421416,426240.297765293,202406.292089974,70276.834769637,110766.550428841
"488",2018-05-03,1405575.59074852,45747408.3151176,2267615.99980469,354024.954142479,137347.533235835,45787.6982202695,90758.0063480121
"489",2018-05-04,1536779.31147225,50941397.7968762,3575189.11941929,436268.058511893,152325.859247276,72430.5674438408,106856.280504333
"490",2018-05-05,1601026.81257917,62766672.9329005,3861075.30198664,331377.873533258,188529.483933375,77451.8734045256,84974.6866867711
"491",2018-05-06,1671518.43091798,38321449.3674957,2102878.96394762,308452.928145293,114563.470215334,42120.106495734,81422.2703648252
"492",2018-05-07,1433742.39502819,36632899.0213875,2223393.39765044,259632.035179329,110740.203779545,44901.4193041508,67328.160658881
"493",2018-05-08,1512651.82652814,65151655.9892966,3420484.73687671,487299.590195084,194656.086791409,69198.7473961038,126015.030416217
"494",2018-05-09,1563934.40248442,55328232.734607,3991534.44252337,402821.820060093,166176.268026636,79772.3592729168,106683.898884023
"495",2018-05-10,1392340.97501845,86182398.2442443,5967295.32708501,501877.504412436,259023.577260103,119792.782069448,131499.959706836
"496",2018-05-11,1417994.7984232,62049735.215422,3976587.10299075,386197.756095872,185736.255286642,80160.1849611846,100000.393990769
"497",2018-05-12,1535741.19745151,84167772.499844,3756292.58390517,544969.556524415,253193.096979142,75362.7264082639,150487.529366757
"498",2018-05-13,1300796.49462623,62634834.2592293,3058108.19733151,511255.154640166,187418.468128689,61568.8570128239,128673.786900671
"499",2018-05-14,1480991.26168453,59039953.7065419,3100909.77053912,383859.098390763,176471.22628503,62805.7000636487,99410.3044119231
"500",2018-05-15,1466095.67311091,25104121.583737,1807943.17581845,199624.488680348,75226.8377617552,36681.4142247798,49668.9112057272
"501",2018-05-16,1265710.6209527,24584474.9718283,1511966.08483511,184540.810078555,73810.65408104,30536.4841229685,49801.9736389314
"502",2018-05-17,1506243.821487,68341222.9456976,3573725.92520068,501371.963367933,205053.282441427,70680.818892564,130013.904011398
"503",2018-05-18,1376842.81703395,44452194.6435286,2620026.54011986,325168.736588383,133402.036901495,53604.7802449039,83812.7914127012
"504",2018-05-19,1550132.32726172,61749046.9263842,3024515.20895815,472296.011353459,185656.809469057,59940.8097787156,124559.309670566
"505",2018-05-20,1207662.18892539,80017341.4256907,3566742.487565,618722.283335953,240184.389855252,71596.363464894,160226.40462464
"506",2018-05-21,1538900.41115071,50544716.9842336,3868963.31543894,388489.176560495,151381.734993904,78679.4853513962,100458.33347672
"507",2018-05-22,1269767.84655095,76719865.3104179,3856110.68269815,444550.262088941,228957.135231784,77822.2268945334,114622.707486039
"508",2018-05-23,1385776.22769643,51225806.9446259,3855684.81447079,341319.238785638,153338.392895928,75998.3187268565,84818.7683688728
"509",2018-05-24,1478717.19712171,66133164.5595053,4377282.80538292,495448.833961012,199798.684967676,86676.5494106891,132125.776336802
"510",2018-05-25,1578266.48322986,32229753.8417652,2297133.12163345,252971.759444157,96436.5175812788,46070.8187849637,69880.4967869248
"511",2018-05-26,1498406.89525425,49115550.8667441,2854799.93721134,331961.921320835,147035.467666496,57566.3279563434,86415.7144793817
"512",2018-05-27,1251277.66795768,70334926.683424,5118779.68336688,514466.026502708,210622.033024032,102853.359845266,135914.601378653
"513",2018-05-28,1292133.5711074,47098434.1440334,2191648.66945756,361815.132745721,141612.517034522,43689.8247437606,91137.0463158252
"514",2018-05-29,1598336.61752951,55553710.2131968,4196270.03996491,390076.316761704,166428.438162167,84303.8598285118,98880.3752708778
"515",2018-05-30,1591106.77613794,73627042.8588317,3516357.55728319,622466.242999409,221079.471522545,69984.5430916071,162565.954091148
"516",2018-05-31,1437744.16926976,26886005.909148,1757236.37903298,145455.314507503,80532.7789032431,35091.8489959707,36014.2467953472
"517",2018-06-01,1490299.75631843,59583798.0689958,3674831.68725313,467268.483442517,178279.431207648,74039.361126737,112577.140132589
"518",2018-06-02,1411846.69252004,53250516.3946493,3526005.87061461,334668.43778353,159315.839494906,69823.488641465,89998.3297857897
"519",2018-06-03,1394570.30782965,53965048.100043,3545107.61156928,444500.17873548,161712.557504673,70753.9473583123,114278.750094976
"520",2018-06-04,1490668.00078155,42152690.6611039,2921288.64913982,337221.818078146,126510.792123629,58666.044786191,89440.9935020545
"521",2018-06-05,1299955.12665818,67874298.4691508,3526914.73794939,368200.760123289,203797.066113405,70462.8572898719,101402.443359696
"522",2018-06-06,1521071.42486025,55817397.0086372,3061952.87929755,336296.294660917,166600.166227864,61519.1088328046,88496.9216187201
"523",2018-06-07,1462106.57445075,33378314.9860459,1731295.2721383,348687.558312733,99822.3068376932,35047.9702108163,84167.6611250361
"524",2018-06-08,1203927.92134795,33682399.9946755,1687599.5664308,245239.322880197,100528.604576342,33901.7182661315,67598.3524543707
"525",2018-06-09,1516404.22696058,70114888.1143002,4903620.75550562,351468.338951937,210537.295490238,98269.606995697,97639.3740669048
"526",2018-06-10,1476591.17731953,22005125.4422113,1456351.69007656,95937.0769971769,65951.0455070925,29091.322683824,24949.7589544935
"527",2018-06-11,1184054.45972404,35540260.1528422,2400785.03915973,231353.306106685,106935.00635708,48734.2954535322,61984.4849964763
"528",2018-06-12,1345587.82760561,58353313.563087,2729372.25262849,405344.46023117,174981.088689197,54859.6936526003,104946.20557159
"529",2018-06-13,1411213.72700528,45000700.6735262,1981596.92433009,363748.105213725,134585.499865155,40163.7132488933,90023.0692251521
"530",2018-06-14,1178855.28319891,34117499.7888222,1643606.35842109,214379.688099314,102574.301267062,33114.8937920963,59285.0269290898
"531",2018-06-15,1242582.24599502,49853549.7605459,3460494.60172556,345677.55865185,149512.519175583,70067.8459564314,89326.2412209758
"532",2018-06-16,1364222.18585341,52361703.0305236,2673409.11312197,486852.843407934,158143.207966331,53086.8556146418,116951.239212385
"533",2018-06-17,1308244.4334582,24345842.3699288,1648378.80171143,214989.805343477,73047.6675241346,33555.055793401,53763.7737017065
"534",2018-06-18,1193239.84665032,50800856.8039089,3228894.92254609,290899.530264446,151831.907279489,64492.5295491017,75171.4014614109
"535",2018-06-19,1475825.13214126,37685494.0271044,2477097.58509973,228698.897430176,113064.791275003,49135.4979627188,62313.7429689751
"536",2018-06-20,1162008.96890496,63736494.9828767,3806162.29069977,385281.133577071,191443.726383867,76606.1266482673,99833.9080646915
"537",2018-06-21,1458141.91137242,69120908.4026272,2972082.19750229,455885.429257632,207794.109308098,59787.8948611447,116056.87942887
"538",2018-06-22,1417842.22342648,30790893.8536973,1645868.2183531,217516.172123595,91989.4255877072,32500.2898665965,57837.8231455431
"539",2018-06-23,1364106.62697686,50014451.0556268,2587681.70210433,313899.335137173,149677.003573842,51141.6265873605,78531.1122760972
"540",2018-06-24,1256737.07139344,57603145.5578205,3753838.62605204,320469.021847757,172652.031647567,74680.998605585,78301.4219456715
"541",2018-06-25,1334623.60317095,52573201.3263527,3098361.18657256,293815.0691135,157546.881079749,62498.4777823972,77065.2178936112
"542",2018-06-26,1228248.7818778,49417971.2682348,2786118.15274976,394185.934701226,148691.81349952,55340.1861193206,108017.814490882
"543",2018-06-27,1219937.67821625,59296858.427302,2633681.06234517,444369.603232384,177506.983953635,52589.5514905535,114769.426722335
"544",2018-06-28,1061492.48502246,53144252.03398,2381125.70239834,393807.770293512,159018.26282449,48242.9991883398,99570.1336261538
"545",2018-06-29,1477513.99769332,62464189.4448658,4061593.47350179,426777.12151849,187347.220232553,80712.9543531375,112539.243502525
"546",2018-06-30,1324658.77842471,42892541.4907412,2969717.18758736,289504.492516033,128496.419879331,59406.8502795631,79601.0778994543
"547",2018-07-01,1349914.99013775,75542594.8359101,4755156.94217727,673520.627547494,228214.698987147,95741.1472905029,174389.636254962
"548",2018-07-02,1205810.3377346,33706114.3158726,1772591.28087371,253346.072425206,100564.553760865,35344.6947927673,67345.1990789214
"549",2018-07-03,1260718.68873868,58862324.7061619,3557953.58238383,343990.994628973,177365.932035068,72124.6195103259,90353.7230334089
"550",2018-07-04,1038312.45287212,32786914.414186,1993694.34516669,212778.901788185,98325.783054106,40329.4381271322,55939.5194547333
"551",2018-07-05,1367072.79158775,84893361.164195,6138533.05108284,545863.696407611,256715.945178411,123345.571786121,143813.0365636
"552",2018-07-06,1075690.57389896,36515404.9643193,2396659.86693139,232829.714267916,110067.571122877,48218.026872922,61040.8260583107
"553",2018-07-07,1105269.72114557,38311147.9013851,1919804.84821287,390061.477124086,114411.624531668,38360.6999169834,92043.9405436998
"554",2018-07-08,1117522.7164012,42932412.9377638,3057122.42891122,268014.555514453,128782.194863521,60874.1889932966,68089.8892163507
"555",2018-07-09,1209757.73414768,39711229.4959634,2275558.05981437,235159.683537102,119299.441851717,45964.2724811508,60400.0260950645
"556",2018-07-10,1118835.17843546,47397601.3652793,3065598.72077768,397331.419965306,141487.072775383,60536.805264799,94731.9918790348
"557",2018-07-11,1244376.15427366,77543835.4473678,5456505.92692129,594381.907427901,232898.530104996,108625.28774699,150716.540640683
"558",2018-07-12,1358403.68403329,67857274.9542477,3539242.80566045,443522.835145742,203677.791410204,71567.9328243499,113997.455577103
"559",2018-07-13,1301353.83304758,72519438.652587,3541722.33122389,512790.83737597,217230.470268386,71300.1016082431,135650.85450371
"560",2018-07-14,1166225.23769176,35028009.0627511,2515207.27973176,227974.054759256,105152.089494801,49997.369673604,62023.7974014565
"561",2018-07-15,1095795.17636096,74128600.6333013,4708475.66368243,380941.180689234,222919.789389086,95012.9596216065,96351.9418058621
"562",2018-07-16,1057146.83699215,59299992.3549361,4052657.71570206,373046.796668286,178449.928926015,81265.1069888516,96218.8876141611
"563",2018-07-17,1225426.01571738,52257129.0022441,3176524.71728868,442895.729839922,157169.312371381,64494.2861469736,114690.440030593
"564",2018-07-18,1016013.04823771,36790175.1043057,1605697.70485973,261323.903726676,110531.764729083,32084.2056427472,68844.1300258997
"565",2018-07-19,1323733.5345147,52524534.2612696,2210467.66584254,346084.527941796,158615.825204212,44468.8023458678,88986.570471118
"566",2018-07-20,1267334.49408283,56947097.996226,2780418.9495939,530227.972977226,170891.53283204,55849.2898119651,130568.527184012
"567",2018-07-21,1112864.35086735,58741724.4729468,2937216.79260196,439017.824999846,175172.241109763,58518.6283587272,115065.530571491
"568",2018-07-22,968518.424797703,27272388.8018481,1895996.48404297,140567.753609579,81951.0428069072,38355.1312898954,38206.0723538542
"569",2018-07-23,1042664.73588568,49720505.4333733,4062770.90783881,372113.449102577,148698.198949912,80607.5971421276,97752.8831070089
"570",2018-07-24,1015050.19614029,21233888.0077588,1396387.51364044,104076.957838237,63475.6365739735,27988.3092481118,27685.7777596201
"571",2018-07-25,1155202.74511767,62548115.7420026,3616244.03820016,413916.677919815,187530.427478373,72227.3808246476,116032.725099749
"572",2018-07-26,1012123.02824038,22924502.4133937,1320717.15196841,212028.497349621,68723.1479743144,26624.3063192149,56748.4765626054
"573",2018-07-27,1082932.45853369,70803897.5309814,5411688.53544702,424172.367497851,212726.889590973,108428.533222402,115345.19984018
"574",2018-07-28,1129888.2016478,40543549.3727966,2635258.65120827,343237.764350886,121763.430462623,52480.5052828417,88122.5662519839
"575",2018-07-29,995931.350756891,65213533.0675226,3012862.51841117,388077.056905117,195066.364599178,59890.033419585,107587.422836285
"576",2018-07-30,916852.940860239,38784667.9251485,2714371.76568834,248662.644482017,115906.838135988,54989.8303169044,60898.5077894846
"577",2018-07-31,1141346.64698441,57745947.2084909,2914911.97767819,586122.634638339,173232.081880357,59065.1214426182,148122.010720129
"578",2018-08-01,1171423.12858853,40316545.3429352,2824835.05840514,347544.696386196,120649.520691266,56424.1590839711,90737.5030418752
"579",2018-08-02,1020588.05929674,58679108.4475237,3299454.09999905,385242.644087369,175743.513216595,66430.8003519064,110329.03567347
"580",2018-08-03,1094860.98040821,54178788.9702459,3297703.68086827,387425.2131319,161991.025018106,65780.8011917408,102245.109059499
"581",2018-08-04,1180312.80181589,79487480.3019435,4518199.7221108,496798.52891486,239566.718865129,89890.1328317135,131405.774338143
"582",2018-08-05,1103899.15506749,45633371.9933662,2554865.20011493,355377.350688888,135977.542883503,51471.5422267722,91778.9213610597
"583",2018-08-06,993801.753889013,44545771.8269615,2301115.45059457,344590.171294937,133567.70769732,46127.0483918179,90087.8187366035
"584",2018-08-07,976307.802298606,14699714.1683308,884324.864905328,84784.4491420858,44266.8746572798,17845.9461701354,21892.8914886389
"585",2018-08-08,914006.490647511,58371429.4825132,2873209.31183287,469956.926403372,175875.151004764,56959.7507069745,121691.799392701
"586",2018-08-09,1097490.58484574,41964829.129636,2629682.93186616,297262.834819774,125962.132179477,53344.9583909882,78878.9213832557
"587",2018-08-10,1179058.7335048,71936334.5466308,4173283.36353129,425968.271052187,216018.206996717,84477.5452932641,106086.810659655
"588",2018-08-11,1084100.85907323,52459477.6779624,2678207.06688777,358979.818883784,156244.112185575,53947.7982805933,91137.3917353343
"589",2018-08-12,1051060.04025781,53129478.9633466,2899822.71919218,276932.784802022,160367.669315078,58439.1835604479,74132.7589739082
"590",2018-08-13,965246.559181168,63409437.8052791,3955818.18334812,394818.360024833,190763.641865094,79830.0732163837,113595.741822587
"591",2018-08-14,1043097.24099986,57183657.333027,3006177.35637446,358902.751745356,171813.758373285,60110.8415833478,89344.3615976595
"592",2018-08-15,1116393.34900396,51864522.4067691,2905444.02485085,430569.708156021,156083.157090244,58120.7128707503,105128.184508168
"593",2018-08-16,1011098.78253707,53349048.7909544,3339720.23702502,252596.134110598,160607.310577339,67064.4112079824,64572.2990827727
"594",2018-08-17,1120934.59593738,39564937.306324,2315902.95218967,372509.053499891,118231.698176703,46502.9666495323,89690.6915190537
"595",2018-08-18,989369.918126136,64642564.8011398,4339852.33207463,389430.673000813,195006.855381848,87240.0548623581,105607.309597034
"596",2018-08-19,1071831.72905411,34516338.4894356,1868678.47231613,342990.389896685,103844.146410014,37331.6628159931,87367.8245454291
"597",2018-08-20,882145.564629674,78736813.937401,3563110.55389333,568479.987804986,237655.374463203,71722.9980986791,147126.469517239
"598",2018-08-21,1062633.41743103,50460458.9106612,2866910.91486959,406599.203640661,152414.700183484,57810.7277385592,110177.720902076
"599",2018-08-22,1105784.92815832,59684723.7809572,3479220.27380281,506920.70470514,179137.506262307,69159.4749154912,125816.292234471
"600",2018-08-23,978442.753970036,50880677.5809842,3091588.60286724,270154.185479978,152767.777906897,61502.1806590378,69602.3017877675
"601",2018-08-24,1178362.13363505,76992792.0784562,3918187.30880065,694161.266429514,229992.600714322,79721.6002686904,192046.103112443
"602",2018-08-25,952775.648308585,51059152.8591024,2715017.14678573,449054.725440195,151799.722946749,54198.2667609563,115201.879722578
"603",2018-08-26,893314.421542518,40556156.5965365,2745149.92122862,267657.669068159,121620.730237181,55364.0218956068,71889.4156332631
"604",2018-08-27,895645.956009298,74196643.9921756,4459856.5718766,508158.224295513,222257.704464665,88966.3938014932,134936.473910955
"605",2018-08-28,925666.353843011,84243571.1049695,5344429.74280378,579285.155840433,252060.465089919,107632.903509138,151854.566598937
"606",2018-08-29,993636.515921129,100768237.247818,6728027.49387789,584747.832400101,301695.186172157,135436.733283749,150582.606489055
"607",2018-08-30,1100074.92654215,83689018.0044255,4258378.35164242,503605.853403217,252524.884436694,84808.9509883518,138446.960001562
"608",2018-08-31,1097045.80672747,54836808.6999201,3821614.64250255,365776.795254656,164409.581406172,76800.53158455,95436.9069166186
"609",2018-09-01,1068710.83006895,34400090.1073054,2369396.34432101,192497.902883982,102921.334007701,47575.8858320428,52010.1575062855
"610",2018-09-02,847073.044873969,23825359.926484,1199053.51197071,225118.282974268,71752.8072161276,24125.2121114808,62803.3653693975
"611",2018-09-03,934195.538783082,48936716.495401,2772007.53715731,333122.891244942,146574.054291448,56376.8883718301,84346.7530271983
"612",2018-09-04,900146.295848587,84297903.6403525,3719810.07284106,557101.149257751,251900.671698956,73671.1086587556,145795.240412834
"613",2018-09-05,915027.275312435,61806425.2527466,2769449.75976389,434774.761905068,185139.029736166,54812.0753808099,113073.976097547
"614",2018-09-06,818396.465598571,57212372.8543544,3947798.24123036,314367.617310109,171565.23449025,77955.9009731247,76936.5929919689
"615",2018-09-07,896388.880966693,31384704.2911945,2147678.7453085,180488.055436307,94812.419871988,42847.9611509106,45510.195473428
"616",2018-09-08,1041562.77038782,30051166.7661795,1592330.86838434,283703.245644111,90328.9623820275,32000.3302962345,74602.8393347849
"617",2018-09-09,971149.262148156,63756600.1503385,2866945.05434822,472524.728842036,192149.079331407,57151.6285492881,125340.79858634
"618",2018-09-10,960336.581371966,73172421.9972615,4044045.86478223,702526.396886115,218962.376155647,80415.6705142642,169375.464586963
"619",2018-09-11,1064025.28735975,36890865.1358418,2260193.16149422,182576.696052143,110233.318576511,45411.7924013305,47207.6225258485
"620",2018-09-12,1129749.41254037,44328002.1695998,2676894.11298616,335491.504315835,132356.518509875,53749.8148116281,83593.4747441778
"621",2018-09-13,1010150.89291927,38099571.795082,1896857.02982631,290144.632727533,114676.65819394,38296.2537705107,76760.4640508775
"622",2018-09-14,931859.591805232,53034955.4895519,3414780.37564357,371175.084914884,158544.938566051,67586.7600981881,94471.8457112412
"623",2018-09-15,889893.378241663,19489022.0244864,1138060.62536455,111511.247849749,58384.1025992167,23076.9356297606,29320.4473742579
"624",2018-09-16,932037.741245964,29442079.4197043,1697388.70254016,186974.420209002,88670.1569903363,34141.4786388733,49919.2655309266
"625",2018-09-17,705652.655887288,51775434.3709069,3114280.01405682,468246.615638087,155860.450759775,62314.4558064886,124670.249107412
"626",2018-09-18,979548.597016436,53224634.2304987,3629232.99929298,401524.042507281,159870.797578564,72241.4460560392,103871.810470841
"627",2018-09-19,922263.476423598,48170623.5199635,3455084.31253452,403210.737782153,144573.229469568,69065.8991521401,104006.433320887
"628",2018-09-20,1043767.68463451,55674903.6562045,3484676.86802001,489612.889029088,167091.267914449,69881.6339792858,121904.431172829
"629",2018-09-21,712742.934194395,43291078.0897237,2476255.97539682,227836.994802474,129742.609186765,49478.02490327,57561.5990713345
"630",2018-09-22,1074899.86009649,48311882.3799296,3052919.46810459,356891.133692749,145268.737917453,61598.458009269,90504.2256503294
"631",2018-09-23,838102.973826203,42626940.1160825,2191941.37068766,258641.159930984,128112.390307555,44242.8521352797,68892.5469550943
"632",2018-09-24,1111648.34700897,99922319.961239,6399926.54557834,777280.715172096,300072.787363886,131084.393811916,213319.303731715
"633",2018-09-25,781909.709107161,73743803.9408231,4930651.48003774,446866.644628886,220142.359235581,99013.9236225625,117022.751095071
"634",2018-09-26,885986.407124762,78927482.2188513,4735029.04574441,519980.602937388,235794.7753783,95699.6276035128,133229.717710297
"635",2018-09-27,911184.503449293,43664154.4576969,1836367.94064236,280916.58174003,131671.529933493,36339.139330479,74127.0914483386
"636",2018-09-28,976982.74218905,67675985.7940531,3332062.78969442,465082.919445773,203019.463062447,67163.5062335266,125236.132688793
"637",2018-09-29,1011017.10435643,29720058.146703,2201556.66348472,243753.513788642,89288.5028746283,44333.5045428829,64633.613339484
"638",2018-09-30,962810.499109568,80014001.6151125,5265562.56362476,355312.43933294,240513.931026299,105195.698395461,93276.8432007203
"639",2018-10-01,1334075.95256328,86893388.7081057,5575167.552745,638619.365272635,260168.065271135,111103.254072755,174700.060118236
"640",2018-10-02,792353.252136018,70265271.493861,4139004.11261731,496515.140279277,210579.835381856,83664.6981161311,135661.854954473
"641",2018-10-03,1230897.40290466,77290675.6086703,5632882.80440609,430078.155716435,231974.373362188,112766.859714235,111255.985914202
"642",2018-10-04,945450.806292179,77335937.1070874,4707050.49400021,588789.163175404,231142.194857238,94991.2896485776,150601.605361686
"643",2018-10-05,1101520.1426839,35961062.5150048,1724924.33225901,225078.656417174,108306.506415691,34617.3355429416,58525.1346811939
"644",2018-10-06,913866.145213805,17980452.9326432,1229388.73353742,98566.1355886597,53821.727476356,24995.0363600572,25892.876974729
"645",2018-10-07,784296.891116927,70160820.8417874,3424373.61097852,512474.918077364,210668.922204349,69350.7452284645,132159.750791334
"646",2018-10-08,955858.224800553,40183786.6454714,2409661.88135602,361176.63931555,120669.966439003,48094.5881437883,94383.2416981735
"647",2018-10-09,868046.0382106,67062036.9624572,4421806.99552219,414243.317572042,201274.430375658,89372.5611989392,100450.003534652
"648",2018-10-10,1010752.33822301,61475179.5590371,3914385.03984484,527139.509543852,184153.584306002,77941.1881465847,142109.521472982
"649",2018-10-11,939187.140267429,24366115.4258041,1070675.59585652,158280.911143951,73224.941962813,21316.2469437379,41194.373624126
"650",2018-10-12,966184.303013809,19802823.4288905,1053850.21129109,143569.699722056,59462.5303451817,20656.4207044899,36775.3152852096
"651",2018-10-13,996538.464834449,50497805.9307397,3429287.4516337,375759.551162257,151932.342857809,68883.8077101816,95244.930259883
"652",2018-10-14,1292835.3349734,75176880.5086992,5104386.88525379,421885.279770419,226482.396208443,102325.90923553,115129.026006142
"653",2018-10-15,1043924.90806291,80917901.4908098,5439885.67165258,371894.076022746,242197.03329943,108467.014348187,97595.7486311578
"654",2018-10-16,882132.338931354,48666712.2508895,3442731.71364605,219364.492189808,146139.077700837,68246.872204709,59876.4644593293
"655",2018-10-17,997228.468449263,42544981.9360282,2589881.57362769,402927.652441275,128803.385143451,51374.5307054178,103175.962599753
"656",2018-10-18,1040487.59646217,39014292.1327694,1909875.42983088,299188.929536367,116808.606087873,38391.039366918,74029.4994945418
"657",2018-10-19,797702.437724947,62949900.0312947,4795128.35674378,444306.139363355,188298.853950957,96569.9104732375,108749.473884209
"658",2018-10-20,1135772.51388146,63791781.8237141,3977176.56141392,358441.760337941,191733.832330466,79171.5328267369,93292.4069657579
"659",2018-10-21,1065659.43197955,57372909.6740222,3596781.24368826,322892.557787095,171706.180431142,71428.9997480226,92022.3087357032
"660",2018-10-22,1008850.61409868,27833153.5825891,1722560.85547259,129316.945322959,82978.24763701,34019.1882739958,34034.0220426874
"661",2018-10-23,1147599.726286,42418390.9165211,2616441.08229881,242501.515553624,126687.969506173,52736.5637664995,60927.3486875654
"662",2018-10-24,945100.738952918,41321145.0219928,2505081.71372665,341232.600630659,123839.211570231,50146.4343288519,89350.2945088113
"663",2018-10-25,1233308.0514374,49232944.5267927,2606707.27792891,314328.969598639,147672.814363662,52576.9822251434,87009.0942936084
"664",2018-10-26,1298058.10840475,58500641.7671525,3120272.43092763,393732.576640647,174890.833867923,62331.1253621838,101068.958010637
"665",2018-10-27,1103941.62303614,30178693.7683378,2019816.85764574,162931.015959314,90502.4026647848,40139.2696701007,42397.0286471291
"666",2018-10-28,1163586.30589383,64705465.9202546,4263462.69241248,555771.315829254,193837.616034476,85511.6781017569,149980.047309122
"667",2018-10-29,918008.58841583,45035457.7424274,2326826.27623608,390985.399908786,134885.431607164,46704.3816490786,103362.772841874
"668",2018-10-30,1110963.56321032,77346133.6767081,4709396.34550431,457254.850354435,232235.299344087,94528.4064943831,119204.844721123
"669",2018-10-31,879751.106584435,47351810.5677669,3343117.81132922,381487.971633301,141763.051005696,67102.6212905453,98848.7808502742
"670",2018-11-01,1103613.4091843,64641394.6412277,3660053.8435534,463376.338049695,193646.543427735,73248.4066029568,130394.099402495
"671",2018-11-02,1154999.22773934,75778506.0591728,3356537.53727934,474541.129542793,226914.154238855,67272.5609631541,122287.914126646
"672",2018-11-03,956138.566826826,50765644.677593,3898806.55499688,393946.728489143,152348.658778615,78489.3247939791,106787.324885422
"673",2018-11-04,1081865.51546201,24141341.5343083,1253549.4804003,247840.410818085,72061.1679496825,25098.6623911959,62556.5660533179
"674",2018-11-05,1073041.44460244,80544125.067756,4419291.08667244,429485.648479046,242352.978357693,88488.8285223877,114071.621211291
"675",2018-11-06,1096881.38578483,57251968.2426611,3216415.01805182,347247.902439237,172207.868493723,65103.7677233847,92142.2445492634
"676",2018-11-07,892841.954586519,35501957.3034137,2701317.33883519,227807.401837132,106680.711945521,54386.9462820843,60049.5211639174
"677",2018-11-08,1203137.84030528,51545252.6842496,3386938.9102133,349902.289230948,154186.105431522,67471.62296873,84516.5949225724
"678",2018-11-09,1167961.59347171,64280512.0821651,3497378.90096129,440980.996231459,193183.809118929,69731.9204393275,111643.694410253
"679",2018-11-10,1282831.26613749,65249094.5309488,2844600.51384914,394954.876460612,195089.136038407,57430.2512139562,102553.599731163
"680",2018-11-11,1071672.42400511,54416677.3817296,2773586.85643783,523708.057078617,163379.575564259,55458.2728584989,140188.32884484
"681",2018-11-12,1299028.30441521,74528418.0470487,3982982.95147824,480299.461879493,224265.771624956,80019.6595763431,132078.723154103
"682",2018-11-13,1183699.32742994,64989820.1610731,4547233.05950929,501799.963010744,194105.750517116,89717.4936289126,129977.310321037
"683",2018-11-14,1067980.67857754,66078343.8722605,2958263.44092042,434738.584797969,199083.383945559,59226.8191963427,111654.37298006
"684",2018-11-15,1345523.65292988,47249098.1990044,3636273.5114423,328764.478441247,141265.323447319,73441.3673002622,81674.7390698724
"685",2018-11-16,1027469.67163763,48851734.8891837,2279950.82913209,341591.304818487,147453.052184471,45911.0186475328,83145.6680093858
"686",2018-11-17,918491.314818826,50892517.7381194,2321991.6070061,365349.645346047,152989.41832289,47040.4658498295,96125.4644185548
"687",2018-11-18,1118459.70505329,50663121.7431406,2675984.94239484,329495.808540987,151652.877724842,53779.2032588553,87889.6630039163
"688",2018-11-19,1218092.59640887,43519694.9460408,3232965.46498811,357175.458764269,131214.409462476,65203.6207462658,87911.3567738286
"689",2018-11-20,1209879.66043028,53687234.8761436,4122452.6518895,441299.902119981,161026.987797391,82695.4506356965,111545.444766569
"690",2018-11-21,1105015.0818404,55422556.4127175,3296111.33472554,440614.12058213,166716.581781902,65106.7014585791,112855.535265926
"691",2018-11-22,1050209.87265193,57993277.7078705,2751958.09020289,438803.520769119,173755.808101171,55384.2248958502,120812.417912396
"692",2018-11-23,1318743.81386285,53781842.4638562,2959465.27206791,308921.723801524,161624.502151425,59525.7377082131,79365.2521457309
"693",2018-11-24,1148644.06412008,65073566.5600052,2880048.75764158,453703.527881751,195943.75821071,57389.5916429147,112810.444026529
"694",2018-11-25,1146886.86139833,41400787.1748502,3099175.95562644,297154.343572682,124507.989631439,62055.7201989172,82824.390305207
"695",2018-11-26,1119541.65483375,47449131.1637973,2479259.58745587,434998.99945023,142344.636469737,50012.0573812373,112099.494327658
"696",2018-11-27,1046096.77902843,32228652.3528136,2539813.07960982,239875.09954944,96237.1147454674,51371.1974101178,62282.2322113919
"697",2018-11-28,1380149.07573885,53182172.5228011,4051166.00957383,333950.367964131,159965.394416483,81271.1154886608,88172.8593547239
"698",2018-11-29,1122743.03613923,68103660.9397485,3848663.34430768,475130.49387046,203744.899618979,77395.7514897183,124371.630817185
"699",2018-11-30,1164056.82483226,53857437.3979173,3661302.17672144,408895.314351844,160529.686072322,74276.6963330655,111277.913604569
"700",2018-12-01,1216351.8780238,57207565.9995599,4318931.06134306,447514.811792461,172652.188594322,85256.4590575208,117104.263007477
"701",2018-12-02,1335234.62065492,45036440.7055311,3416091.40826255,336360.299449614,135039.607951011,67892.425429765,88124.3245837726
"702",2018-12-03,1173916.15014456,72817401.0077879,6002096.83820279,515664.262323009,218422.235328713,119056.4010066,141169.66257551
"703",2018-12-04,1349940.50096677,50962120.7612665,3004867.16723836,351889.588326706,152765.266747182,59950.3668624416,95395.4350438526
"704",2018-12-05,1058689.76731477,36884334.2823481,1889172.03471693,259769.346229713,111622.172044201,37431.6762721322,68124.3695279655
"705",2018-12-06,1133100.57707115,55667059.2686188,3739873.35878942,335203.056959412,166460.374279455,75098.7590601647,91894.1934130282
"706",2018-12-07,1266784.21033433,70096690.5132143,4459643.8265755,591132.061719282,210599.286066775,88569.8775937637,147154.698461536
"707",2018-12-08,1036497.67530449,53341202.0706397,2762935.46735516,358176.696470396,160323.484675477,55536.3139117704,93766.2458564406
"708",2018-12-09,1377923.50829145,83557102.2057192,4790820.55657607,638441.902697516,250901.501470114,95876.288183051,167811.708310858
"709",2018-12-10,1115546.79107387,48288627.3390456,3417371.91787736,404381.691088543,144494.109827995,68740.9962399484,104662.086829207
"710",2018-12-11,1137426.87355992,87106127.0422301,5213563.9718558,502411.462663028,262689.357630594,104822.234760382,126569.786644797
"711",2018-12-12,1131971.16697565,38411604.6584516,1898720.56943828,311397.746821957,115411.883208922,38477.9948931281,77590.5878871243
"712",2018-12-13,1401861.9796088,30557920.1185805,1618431.86491476,273158.334723938,91788.091724443,32253.143682011,73786.185225079
"713",2018-12-14,1337215.70311276,74367021.9370369,4056560.51958277,464035.871503941,223893.43595271,82074.0491101313,121541.984049852
"714",2018-12-15,1149126.34321348,40903913.116706,1970745.36945847,332636.925161757,122492.697115925,39238.6203039867,85928.3034687712
"715",2018-12-16,1344589.54637805,44964463.9810672,2165290.94789088,344254.913380482,134544.421121836,43258.532603936,89358.4168906959
"716",2018-12-17,1263889.78706835,34970596.5164492,1949235.9211457,334529.343557441,104612.11143013,39365.6024441884,83868.66985502
"717",2018-12-18,1395505.35265833,52321392.6939724,2815000.8821041,505785.626292863,156377.877686723,56319.5003677366,130451.519489182
"718",2018-12-19,1394502.32447021,65760708.6168798,3626640.6106593,455587.06377884,197329.145809411,72578.2839038198,120376.281900287
"719",2018-12-20,1281226.11364679,58415255.1698556,3829713.98442491,524137.147912744,175824.145438512,77506.0915123406,132312.348180326
"720",2018-12-21,1193857.10779238,79528467.1337288,3676140.29950633,610643.507044104,237727.238932917,73377.0052006165,155825.092617346
"721",2018-12-22,1486023.63875891,63460467.9932294,4100281.48818901,530129.562420343,188968.666646031,82587.2701127148,139592.686157308
"722",2018-12-23,1485989.96445729,57435042.0379457,2940496.4376086,360113.216992736,172417.716332021,58749.3954941262,97938.0714467065
"723",2018-12-24,1422503.04105165,14799083.5507018,1053165.50882478,114302.206553648,44142.9253616442,21236.377197982,31204.8913288874
"724",2018-12-25,1483893.18987287,56143588.7654232,4175291.91997107,298437.331175218,169399.773752167,84147.6620593582,83616.9048951744
"725",2018-12-26,1493820.22415944,44107500.646982,3146080.85024184,360583.290222114,132363.026282002,62670.3103791956,97346.1328398561
"726",2018-12-27,1340700.66079214,35307617.2550965,1659125.58795381,283289.920187837,105985.307287598,33419.3917969599,77148.6881992992
"727",2018-12-28,1362870.48062631,30568320.1558036,2249180.77606056,225514.191545161,91934.7525041586,44830.5039127239,58084.8777382438
"728",2018-12-29,1265575.41280128,66529775.6585174,4126112.37309827,477553.094526468,199646.325787743,83151.7444647066,128363.722065006
"729",2018-12-30,1536752.58154065,71790979.0381977,4084389.14290859,525223.563359537,214725.970752221,81858.6182205034,135307.585327281
"730",2018-12-31,1425761.8620338,52385815.5029735,3418099.02354814,328692.293879224,157702.32326915,68453.2173833745,81456.1527137524
